X1,X2,Label
6.9181547,5.7746882,0
0.90097266,8.50105,2
11.318525,7.640453,1
12.881342,5.8335314,1
0.037728913,6.6453605,4
13.761613,7.4081726,1
9.878631,7.544199,1
6.395029,5.7498407,0
1.0073308,8.045576,4
13.834714,7.313578,1
-0.45443165,7.4079957,2
-0.06515111,6.6614213,1
6.0933685,5.311718,3
-2.109923,8.30876,2
11.831006,6.769057,1
2.2420318,-0.8246223,0
-1.0706342,9.530095,4
4.3410835,7.5381026,3
2.9998648,2.601467,0
-0.688495,10.435611,2
11.590808,6.9449787,1
2.5012105,-0.67522115,0
10.276211,7.5809274,1
0.6258589,8.185425,0
0.80153126,5.5045915,2
2.5022159,-0.18813373,0
12.250427,6.8459496,1
2.4987807,1.1839241,0
-0.29192373,8.387858,4
6.543518,4.846154,3
3.6466696,5.880105,4
-1.7866039,8.673492,4
6.5257826,4.699342,3
11.192969,6.9939647,1
0.52749616,8.97794,4
13.242672,7.1251383,1
12.549574,5.6154823,1
5.904303,2.9544656,1
13.122026,7.5405483,1
1.96931,-0.35509735,0
-1.9354929,8.679415,2
0.60376185,10.377284,4
0.9293117,9.982672,4
-1.8649164,7.523173,2
5.2763686,6.243789,4
13.574727,7.377458,1
-1.4125829,8.017651,4
13.05512,6.8895135,1
0.903061,5.133713,2
2.3867347,1.160866,0
1.9244077,0.17370977,0
1.7202806,5.272098,4
2.8421736,8.236069,4
-1.7925395,9.776403,2
12.65084,5.796881,1
6.77752,4.5201564,3
10.7979,8.142802,1
12.341733,6.538534,1
5.0001864,6.1717467,3
12.927757,8.007634,1
1.392688,-0.13771822,0
0.6006573,6.967028,4
-0.7170256,8.993683,2
1.777524,6.630115,2
13.703696,7.941073,1
3.111821,0.9249271,0
12.586707,6.024043,1
1.5389627,5.4457397,2
-0.43289527,7.418054,4
1.8021097,0.12608884,0
2.6698987,0.22616453,0
-1.943934,8.727994,2
0.123542204,9.522738,2
1.8208634,8.072672,2
13.821957,7.5264187,1
13.730264,7.421151,1
5.1577525,6.8111157,3
3.5381036,-0.021828469,0
-1.5142903,8.130682,2
10.761642,6.9125156,1
2.3492026,4.152914,2
3.653527,7.548798,4
12.579746,5.871228,1
1.1237152,6.240839,4
-0.7988446,8.627052,4
3.9693816,7.277598,4
4.281038,4.33278,0
3.0289106,1.0719516,0
4.774605,7.3749976,3
0.543556,5.1951604,2
1.6659826,6.6909585,2
0.27405286,10.26522,2
2.3785973,0.7249772,0
2.9700131,7.787343,4
2.4146452,0.6047349,0
1.791861,7.9848523,4
13.363231,6.9642215,1
9.29572,7.566624,1
-1.3328339,7.2643456,4
2.5024052,1.5003723,0
-1.834858,9.46811,2
5.31516,4.606296,3
3.2035756,7.0220423,4
0.29172075,5.914366,0
-1.9523715,8.493757,2
5.302245,5.1143255,3
5.5386977,3.206252,3
4.390243,7.571681,3
2.4431622,-0.12623326,0
4.103266,7.614246,4
-1.0586005,8.839986,4
2.6433423,1.06711,0
-0.95989037,6.9830446,2
5.115969,7.0203357,3
12.526355,6.467429,1
0.6015344,6.2976265,4
2.120743,-0.5121412,0
12.627522,5.96698,1
-0.66342676,10.39825,4
13.859051,6.30051,1
1.0522298,5.2626715,4
9.671127,7.577263,1
-1.5333725,7.519776,4
1.776433,-0.1126404,0
1.3025912,9.56852,2
12.634071,7.076816,1
13.304109,7.1149025,1
4.21943,4.1548066,3
13.944171,7.039875,1
13.5177145,7.2744036,1
9.515227,7.490311,1
0.77761126,7.5392647,4
0.0030869828,6.0053244,2
2.242163,5.443796,4
-1.5419227,7.335599,4
5.111965,4.0904694,3
2.115423,1.1514851,0
12.908649,7.432807,1
13.062147,7.1579485,1
0.850883,8.729605,4
5.2040358,4.501622,0
13.823009,6.8267574,1
3.1098135,0.8169608,0
-0.4926606,6.408973,2
4.193909,3.740073,3
2.6343467,2.5097113,0
4.381994,6.9378004,3
1.3756229,8.487662,1
1.8837708,0.27350253,0
13.771832,7.639451,1
3.058053,7.640696,4
2.8165383,3.9496036,0
0.79641354,9.39586,2
2.66167,2.9885192,0
-1.8920707,7.335361,2
12.192033,7.454755,1
-0.19927143,8.862396,4
4.7803555,6.9676323,2
12.096743,6.916458,1
0.98539287,7.0282474,2
0.9064373,8.600703,2
-1.2051191,6.5433803,2
0.21948688,6.499814,2
0.6896779,7.294376,4
0.6123461,5.8498836,2
-0.07290021,9.684393,2
6.501226,4.8212404,3
0.91834277,9.9334755,2
2.3360438,4.3267946,2
2.5668037,-0.055300344,0
13.263221,6.963203,1
3.869899,4.12853,3
11.318747,8.084414,1
0.3620272,9.899791,4
3.53767,8.095375,4
12.832693,5.5908146,1
1.2685621,5.5977516,2
-0.13254401,8.294083,4
1.1353188,7.2802258,2
2.2532232,4.318317,2
-1.567212,7.6628375,2
5.1488166,7.001489,3
12.564149,7.937899,1
1.9941164,-0.42410383,0
0.68293387,8.370319,4
1.8836374,1.2821596,0
13.956783,6.834845,1
0.08736285,10.265199,2
0.237265,8.4162245,4
13.924741,6.549833,1
6.5273213,5.560566,1
3.764634,6.8442187,4
2.5280745,-0.019387268,0
0.06302325,6.466631,2
1.3107487,5.5853105,2
2.7923238,3.8263614,0
13.800595,7.2258887,1
-1.9632127,7.9052215,4
5.987914,3.0365,3
1.2523937,7.165379,2
1.5182103,5.444284,2
2.5017948,1.7494516,0
2.8303776,3.4075897,0
-1.3494673,7.8757114,4
12.29232,6.292032,1
5.435495,4.7886443,0
4.6650815,4.7472577,0
-1.3765222,9.547701,2
-1.8177484,8.868111,2
6.949449,5.7235465,0
12.809016,5.3605824,1
2.5276344,2.5341122,0
-1.6891623,6.925116,2
-1.0715175,9.526164,4
13.410353,5.782604,1
13.155549,6.4474044,1
13.181508,6.7732406,1
10.367566,7.421625,1
3.2144816,5.751925,3
1.4311932,5.2852697,4
4.594286,4.5388155,3
4.6627054,7.084776,3
1.6007596,5.3278213,2
-0.0693423,8.580373,2
12.471709,6.146664,1
1.8842609,-0.5151449,0
9.2875,7.530419,1
4.99957,6.451518,3
1.9040238,0.76370424,0
4.811763,7.0655217,3
5.166513,3.205261,3
5.8072715,3.8973901,3
5.743056,3.2578795,3
3.0697107,1.1607558,0
6.986892,5.854856,0
6.315057,3.1267157,3
12.959134,7.0843287,1
6.781844,5.451915,3
11.563377,8.3820915,1
-1.8219788,9.716321,2
0.76575637,8.07346,2
1.9473002,0.080165535,0
0.17666389,9.174164,2
-0.5130199,7.634248,4
11.722005,6.9287543,1
2.7640543,3.9555018,0
-1.1373833,7.5514836,0
3.969323,7.332647,4
6.7252746,5.4141264,3
13.406501,7.7420607,1
4.246877,4.1185703,0
11.907922,6.3204226,1
9.551316,7.559835,1
2.7169335,1.4164807,0
-1.4908265,7.4218345,4
9.845964,7.4422364,1
-0.8548778,8.3788595,4
2.190316,-0.03068969,0
13.681826,7.544538,1
0.22425385,5.9760942,1
5.4302087,2.9788618,1
-1.7990526,8.669814,4
-1.9114513,7.6809134,2
12.438525,6.4413815,1
1.5552404,8.925219,4
1.2596332,4.997302,2
1.0892992,7.1411104,2
3.9695523,7.465826,3
2.6196651,1.9667399,0
0.7047569,5.3957334,2
3.3093903,0.28780594,0
-1.1561115,9.060492,4
5.9043655,2.9335287,3
11.97145,7.1196375,1
4.3324976,7.0594954,4
4.0130024,7.1420126,4
-1.2060896,8.678318,4
1.5375726,-0.3755588,0
1.3499792,5.389693,2
12.08905,8.501238,1
1.6785053,5.0286894,2
1.157165,5.036613,4
-0.049234238,6.2728243,2
3.6808438,5.7183084,3
11.941533,6.835546,1
1.2545153,9.149692,2
12.7234335,5.445567,1
6.1992607,4.625075,3
2.60047,1.8862832,0
12.521342,7.2494173,1
2.3816981,1.1670994,0
-1.490765,6.8418202,2
3.6252391,8.118309,2
5.9339247,5.7757835,0
6.311307,4.7418065,1
13.9653,6.948525,1
0.27354538,9.421346,4
6.793757,5.0944796,3
12.0210705,7.7637186,1
6.160333,5.222713,3
3.552475,5.910671,3
4.155474,5.741366,3
13.87325,6.7196445,1
6.029323,2.8710823,3
2.5090039,2.9000242,0
5.3137107,4.254826,3
0.3297295,6.398594,2
5.041385,5.12455,3
11.132393,8.4049835,1
10.648678,7.4679823,1
2.5544674,3.0115654,0
3.1182017,6.9986854,4
-1.2785372,8.1508665,2
6.8066454,5.260709,3
13.524978,7.9317036,1
13.639867,7.8438354,1
2.7683313,2.791687,0
6.548524,4.7440825,3
-0.38299587,6.7346854,2
-0.8164996,9.497329,4
-1.9652021,8.675373,2
12.147057,8.366635,1
2.8473463,3.2570355,0
6.4843783,4.7186036,3
-0.37409055,6.6680274,2
2.578523,-0.27408367,0
0.1023488,10.062714,2
3.1841562,-0.30921426,0
2.1779513,-0.012487575,0
6.78958,4.307806,3
11.211223,7.3514423,1
4.908873,4.6625037,1
13.2013035,6.5389447,1
-0.26257443,6.1401854,2
5.26522,6.3834543,3
11.275711,7.88881,1
2.383943,-0.4783786,0
-0.435101,6.244188,0
3.409774,7.62837,3
2.750781,3.5862553,0
2.1471202,-0.4173767,0
2.528654,1.27793,0
6.0445023,5.238667,3
4.9324527,6.2557025,3
-0.01542411,6.1091537,2
2.658629,2.0775704,0
11.968112,8.11639,1
4.5766454,7.3973536,4
1.5296851,7.0609846,4
1.3739321,7.1054025,2
9.702245,7.5207214,1
2.9850328,7.9260345,4
2.6132696,2.5441782,0
0.45256746,8.79174,4
0.76158357,5.9902854,2
3.6149433,3.913203,3
3.8661911,5.955339,3
6.1740947,5.286364,3
-0.8951959,9.580717,4
2.7793288,3.456247,2
2.499599,-0.12037124,0
-0.26385918,7.1767306,4
-0.18536957,6.270091,1
0.003630535,10.401699,2
5.3575497,4.6402326,3
6.481124,5.7986407,0
6.478189,4.75412,3
13.367869,6.916508,1
6.753561,4.3448873,3
13.841737,6.242592,1
3.07577,0.5405474,0
2.5502431,0.5981277,0
2.458834,2.9880867,1
13.7961645,7.5665092,1
12.779644,5.513783,1
-1.9872689,7.8812537,4
0.7801201,7.430511,4
1.0527706,5.135256,2
11.372272,7.603851,1
6.521872,3.7120168,3
1.6721928,7.9769945,2
-1.7265757,9.707695,2
0.64933985,8.484401,3
0.6854084,5.265695,2
2.1639273,-0.7073141,0
6.39255,4.168986,3
2.6544383,8.084423,4
2.8822427,-0.28646275,0
11.777515,6.559501,1
6.8050966,5.630126,0
0.83774596,8.098292,1
3.9382293,7.8188577,3
1.9847746,0.88236564,0
0.94128513,7.15675,4
10.646689,7.616626,1
1.5033703,-0.22293378,0
3.033562,2.2855234,0
5.6111283,2.8850563,1
2.9920352,5.8189397,4
0.032789778,10.375547,2
-1.1769444,6.6865582,2
-1.6125063,7.5574446,2
4.9797487,3.197605,3
11.153738,8.433,1
11.068049,7.62831,1
5.992659,4.9977,3
13.762178,6.671723,1
11.3771925,7.396864,1
3.1987624,0.74400836,0
0.95885104,9.536509,2
1.7687322,0.60566217,0
6.3293605,4.6605897,3
-0.97888154,9.299428,2
10.960364,6.9184074,1
13.28997,7.2658067,1
2.6489394,2.7857194,0
-1.3146971,7.694707,4
11.884022,7.3919215,1
1.660383,-0.2825724,0
-0.6071383,9.646001,4
0.2783962,10.051186,2
0.45889214,8.191297,4
-2.0010328,8.820333,2
3.6917498,7.781124,4
13.804784,7.527692,1
3.5973723,8.147519,0
-0.20065036,7.3169622,4
2.3327193,0.7923493,0
11.321775,6.663323,1
3.6339684,8.173597,3
1.9445095,0.7173042,0
11.853536,6.7121196,1
12.711074,8.138042,1
3.017491,0.95495766,0
3.3313699,-0.29041547,0
2.5005322,2.4731488,0
12.005645,7.274242,1
3.0910344,3.664557,0
0.3955048,10.1539,4
1.7660276,5.1028066,4
12.629637,5.539023,1
10.09551,7.207707,1
-1.783159,7.6606164,4
0.49729392,9.790837,2
10.199835,7.6356215,1
2.3569279,-0.5783613,0
3.152571,7.471072,4
4.354172,4.804947,3
1.6084832,5.272247,2
2.636974,7.477708,4
2.5940764,3.1086266,0
1.6581013,5.267547,2
11.377581,8.087975,1
-1.7710352,8.093292,2
1.914509,-0.5470959,0
5.467529,3.1018193,3
1.4924699,0.22236754,0
5.585329,5.5624547,3
11.783866,7.8912206,1
2.700093,3.835322,0
3.1776214,0.18242389,3
12.159861,6.394552,1
0.79906327,10.350581,4
1.7745185,5.4070187,4
10.254005,7.49738,1
0.21426567,6.467717,2
-1.4147705,9.558657,2
2.90238,2.8843672,3
12.861728,8.135454,1
5.728886,4.93602,3
3.0971017,7.95795,4
6.7189784,4.111113,3
10.465211,7.1973543,1
7.070264,5.334697,3
3.9332466,6.375215,4
2.791112,3.5342088,0
2.479314,1.2480922,0
1.5484906,5.087907,2
1.8731788,7.8141527,4
5.047664,6.5476384,3
6.3741746,3.9295454,3
3.8339849,3.9379258,3
0.32395825,6.2626085,2
2.8233964,-0.45661452,0
1.3208047,8.828591,4
-0.13576892,7.2044163,4
2.2172182,0.92080396,0
12.806389,7.8754606,1
0.40823212,9.883027,2
1.729532,-0.26988006,0
-1.8122997,9.666312,2
12.585403,8.151442,1
4.115434,4.183651,3
2.2112317,-0.41485396,0
3.4169214,-0.16093197,0
4.842707,7.1409454,4
0.56486624,6.114266,2
5.615237,4.811787,3
0.074410655,10.750969,2
13.615885,7.9393573,1
2.8690424,3.7801938,0
2.9892714,0.9041322,0
-1.5408728,7.803523,4
0.71957016,10.018594,4
0.41798827,8.906789,2
5.1924343,5.866315,3
4.5554442,4.5125184,0
-0.5319591,8.833653,4
0.20592418,5.7368174,0
2.567388,1.9071089,0
-0.961356,8.47037,4
13.191773,6.473503,1
2.2007794,4.569234,2
12.353479,7.0272055,1
-0.5511833,6.8952546,4
2.249578,-0.75767964,0
6.9680896,5.6536875,1
0.7820089,5.8115935,2
12.258651,5.954917,1
13.093733,7.8809843,1
3.7730079,7.701694,3
10.823191,6.947431,1
10.973577,7.7448206,1
-1.5467376,6.469975,0
5.9690423,4.0740085,3
3.285754,8.306571,2
2.312235,4.383234,2
-2.1513274,7.544172,2
0.83356386,7.571242,2
-1.1180295,7.184591,2
11.365497,8.094076,1
5.082339,6.42557,3
2.8635478,0.29003692,0
-1.4508752,6.336319,2
-1.410591,6.8469596,4
3.3779476,0.310466,0
0.2607659,8.768752,4
-0.95679253,8.771296,4
2.4541228,-0.7270073,0
-0.6680568,10.463082,4
0.782218,5.331837,2
11.9853,8.059661,1
4.510838,4.6647573,0
2.1622121,-0.6119242,0
6.7530756,4.88438,3
-1.7750658,9.593038,2
0.59883785,6.485984,2
5.38116,4.047804,0
13.724573,6.6354866,1
0.614888,5.8415947,2
6.936408,5.8602414,0
4.9539623,6.1750135,2
5.847173,3.3628905,3
10.894757,6.945604,1
1.5344373,5.3571553,4
1.2561373,7.0797734,4
1.4463259,-0.21369435,0
1.8200042,7.420111,2
0.27674153,10.096567,2
3.3729856,5.9198194,2
3.9835804,7.0029974,4
1.8571844,-0.592081,0
-1.6605781,6.789957,2
-1.5709333,9.719824,2
5.92633,5.249023,3
12.213017,7.582231,1
6.4836287,3.4892688,3
1.9263295,-0.32883173,0
-0.49490163,8.28534,4
-0.15117835,10.671743,4
3.0178032,7.673839,4
-0.7322119,9.308351,4
5.8999796,5.1373367,3
4.577572,3.9413638,0
2.5423124,8.248845,4
2.600789,-0.58373004,0
1.523006,8.801597,4
2.223199,-0.05270548,0
11.337471,7.944724,1
0.92995787,5.4274874,4
6.506818,3.7447526,3
3.2715466,8.054271,4
3.5099382,7.8991823,3
11.047255,7.6414013,1
4.570526,3.697779,3
12.05696,8.505607,1
12.03174,8.194487,1
0.90098417,8.678298,4
2.9966466,-0.25504887,0
6.490538,3.6713223,3
11.090033,8.377909,1
2.8912706,-0.1847631,0
6.343228,3.5567036,3
5.416861,4.093906,3
1.637649,6.969936,4
2.0968337,0.5331136,0
10.963784,7.6444216,1
2.8396418,3.9027689,0
-0.9656149,8.483402,2
1.9027585,8.306132,4
3.5333679,4.0244985,3
4.954116,3.5632648,3
-1.8363794,7.36987,2
5.0110807,7.044092,3
12.054776,8.108091,1
12.605419,7.317558,1
5.7383366,2.8778524,3
9.326611,7.5319915,1
3.0320365,3.6487565,0
-0.69154716,9.223448,4
13.634308,7.0941653,1
13.704828,7.8364353,1
2.8528469,0.38747442,0
-0.9453004,7.4282026,2
0.28798312,6.503933,2
-1.3495845,8.828269,4
0.80329263,6.7346277,2
3.033279,-0.3089233,0
4.6235313,5.8044424,3
6.6974387,3.968099,3
-1.0881889,8.975206,4
12.511992,6.1789784,1
6.858369,5.8067784,0
12.676878,5.571332,1
0.95588076,9.698567,4
11.074613,8.354219,1
4.8945045,6.045287,4
3.7042167,3.746524,3
-0.68395424,9.301844,4
3.099642,0.33973932,0
2.5956514,2.7877307,0
0.62819135,8.687414,2
13.369941,5.7465286,1
6.2070208,4.4256115,3
5.0690365,6.679202,3
0.20934175,5.888693,2
-1.0392818,9.635341,4
-1.5896789,7.713386,2
5.2289834,6.1493855,3
12.228008,5.9657288,1
12.221707,7.401798,1
-0.55183834,10.543591,4
2.5086088,3.5855563,3
5.698341,3.9075425,3
4.7105794,7.3980365,3
-1.0711641,8.656884,4
0.8175338,7.267236,2
13.188989,6.7274566,3
1.7296569,6.7329845,2
5.4053545,5.2309046,3
-0.23584764,7.4178257,4
0.3859924,8.690205,4
13.84918,7.560463,1
2.4255779,6.8763275,4
0.023936743,9.8318615,2
-1.7489839,9.742945,2
11.245854,6.699243,1
-1.2111719,8.077838,2
-0.5152964,10.552393,4
11.292618,7.7199125,1
1.4109663,5.1831665,2
4.2882757,6.9670067,3
-0.88691115,8.356891,4
0.13289389,8.848136,2
-1.9689308,7.848786,2
4.084305,6.784009,4
3.5927074,8.154808,3
0.44329795,9.212684,2
12.352275,6.8266406,1
13.34307,7.4613066,1
13.177219,8.01644,1
2.2287884,4.4899035,2
2.6792653,0.8487855,0
3.539982,7.5240483,4
-0.7441161,9.619145,4
0.5849991,10.202817,2
2.8755357,7.2981114,4
2.244402,1.1478542,0
13.018549,6.5843987,1
12.389644,8.331029,1
3.0499108,8.053824,4
0.3785965,6.4146543,2
-1.7482042,9.616743,2
3.96866,6.4044037,4
0.6614506,6.942789,4
-1.4350647,9.675757,2
-0.8201835,7.192765,2
2.3915644,-0.7448817,0
0.8307252,10.0307,2
2.4931016,2.9513638,0
4.9943094,6.129847,4
3.098395,5.9024053,3
1.7966394,-0.5550831,0
-0.8634661,9.476821,4
2.8866415,3.2807844,0
0.061676163,7.961911,2
11.4445715,7.5246305,1
0.29841223,5.5201755,3
3.2239866,7.928439,4
0.6160554,6.5883217,4
1.3132318,9.109059,2
6.4102135,4.0165854,3
0.8430923,6.775534,2
-2.147916,8.234718,2
2.8795996,5.5644836,4
10.816461,7.4796634,1
12.567994,5.655114,1
0.013829314,7.9839807,3
5.0944247,7.013765,3
4.8926992,5.827359,3
3.8486729,6.5900273,4
3.934994,6.6728563,4
1.6474353,-0.4608308,0
6.8199496,5.088392,0
3.883599,5.006945,3
1.536923,5.3184195,4
3.1600504,3.8854468,3
3.5116427,-0.050416768,0
-0.4869973,6.4794345,2
-1.3404363,7.5788484,2
0.074310146,10.171933,2
-0.28315938,9.221262,4
12.362987,6.604068,1
5.441145,2.9759777,3
3.9496684,6.495715,4
2.1243763,-0.7706213,0
-1.9843818,7.0773664,2
-0.25037116,5.849138,2
-1.4977695,9.698244,2
2.6142576,1.6070666,0
1.9244175,-0.32247645,0
2.1715868,7.754184,4
13.030285,6.7691374,1
2.100043,-0.4003177,0
5.4397497,6.098712,3
-0.10653874,10.636446,4
10.088552,7.4599886,1
-1.4787652,8.8925295,4
2.8747048,2.6041906,0
-0.92483395,7.9711657,2
6.227006,5.8458333,0
2.2128365,4.4763827,2
0.14571902,7.8776445,2
3.3432703,5.971969,3
2.6736906,0.008321321,0
-1.127536,6.9824347,2
10.796413,7.6107006,1
3.9853284,6.662517,4
2.9440224,8.052255,4
1.7668908,1.0423093,0
12.998195,5.5287786,1
-0.8578907,9.83916,4
-1.9807364,9.349693,2
3.6525848,5.871411,4
12.231236,7.351378,1
2.1351595,6.916705,4
2.3339417,4.3718686,2
-1.4442202,8.835087,2
3.5015934,-0.006091761,0
3.894411,3.9718573,3
-0.818285,6.965074,4
6.5663095,3.6916533,3
-0.79226726,9.595884,4
4.013952,6.37647,4
4.201103,4.2655277,0
2.0111961,0.04170059,0
-0.22305071,7.9279747,4
2.6436348,-0.075857334,0
1.6039721,-0.2974819,0
2.3520055,0.35339534,0
1.9050734,-0.021527398,0
-1.3205183,8.466088,4
2.6593535,5.743422,0
12.382787,7.7869244,1
3.6700149,8.054524,4
-1.8010556,7.2954392,0
4.890105,6.9045215,3
12.006464,6.53379,1
1.5289443,8.397664,4
-0.71781063,9.411197,4
-0.032241076,5.7379785,2
6.4758453,4.6473737,3
4.661604,3.8526504,3
-1.5373354,7.408815,2
5.8298726,3.0649965,3
4.0959315,4.1015816,3
0.26117158,5.5661473,2
13.261406,6.797569,1
-1.8803916,6.9555836,2
-1.1841525,9.361934,2
-1.5721238,8.975548,4
-1.6402777,9.704998,2
0.13209027,7.962752,4
9.996982,6.9554296,1
2.7724247,3.8035834,4
0.11164661,6.1584516,2
0.57964855,6.062208,2
1.1866503,7.5087647,4
3.5309358,8.112498,4
1.5648161,0.21795106,0
11.297144,7.8884788,1
5.6006927,4.4230247,3
4.600717,7.459561,3
4.1659093,7.759606,3
-1.9054484,6.924271,2
-1.4709909,6.355365,0
2.1591368,-0.4956002,0
4.4707875,4.2486587,1
4.34899,7.420652,4
5.838628,5.291162,3
4.2549157,6.747278,3
0.59651357,9.640531,4
2.8828845,3.9410539,0
13.534559,5.8758264,1
2.243308,-0.7583384,0
2.7389472,0.1529655,0
-1.8384621,9.661426,2
-0.41349122,6.447701,0
5.0216165,4.9435744,0
2.7706358,3.8347547,3
-1.4686558,7.6101694,2
1.3830101,8.111563,4
11.455372,6.6374426,1
2.9049826,0.38693884,0
6.867802,5.4215164,3
6.486592,3.4676578,3
13.716672,7.0861864,1
0.10860954,7.5597434,4
12.473273,7.4324822,1
0.6777904,9.174994,2
6.2732434,3.5398462,3
13.046847,7.8881,1
0.87844944,9.425514,4
12.21504,7.5917954,1
6.138175,5.279518,3
6.454945,5.6451716,3
1.2891208,5.955792,2
13.140477,7.4106617,1
1.0432423,8.982362,4
0.9799255,9.579766,4
-0.6306563,9.983301,4
0.85105586,6.9347463,2
-0.7712845,7.753528,4
5.5038013,4.5900526,3
13.681012,7.0679765,1
12.567818,5.6660857,1
1.2875158,5.234076,4
2.4619477,0.09604041,0
11.124198,8.307829,1
5.553956,2.89865,3
2.7280257,3.7344766,0
12.03616,8.102852,1
-1.0766127,6.954554,2
-1.8681562,7.632806,4
13.796177,6.514098,1
1.3687258,-0.13016757,0
2.1224377,0.71278024,0
-2.1670961,8.3327,2
2.1388488,6.5143647,3
13.336477,8.139351,1
5.1144643,6.050072,3
0.1919677,10.026619,2
1.121932,5.146887,4
6.5314717,3.684154,3
2.200762,4.3478327,4
0.14050086,8.616982,4
0.3461378,9.254228,2
4.1873174,6.600451,3
1.6142367,6.932554,4
2.7568486,5.760397,3
1.5911586,5.3718123,2
6.3011117,4.0268292,3
12.704419,7.577396,1
-0.15417354,7.314044,2
0.48913637,8.36588,3
13.339019,7.1766624,1
12.840711,5.7120967,1
-1.7398958,9.801479,2
11.326917,6.5991845,1
5.6248217,5.1650047,3
1.778819,0.9666306,0
9.896514,7.28036,1
-1.3938984,9.495899,2
1.4470227,-0.41854507,0
2.7623367,7.768543,4
-1.1244142,9.678158,4
3.085375,0.09948498,0
3.2694602,0.63236034,0
10.986469,6.870395,1
6.0800576,4.395596,3
12.048163,7.0828204,1
-1.8409615,8.910414,2
-0.26067552,10.6289,4
12.558157,7.8621454,1
0.78075457,9.744522,4
-1.7692925,8.15924,4
12.927574,8.133186,1
6.6043744,3.9414794,3
0.7898749,9.293052,4
4.330163,5.4136724,2
-1.4213789,8.730381,4
3.0910196,-0.277539,0
0.740096,7.772568,4
10.588972,7.4632874,1
3.265149,8.339642,2
-1.7342193,9.71029,2
6.172793,3.3719301,3
6.9786,5.3868337,0
-1.4942046,7.297905,4
6.830074,5.165594,3
-0.32847378,7.9894066,2
1.4970605,9.178206,2
-0.563417,9.077827,2
0.876224,10.025517,2
5.9535346,5.0946755,3
1.9577968,7.0235224,4
13.246553,5.8099,1
12.155187,6.7128925,3
-0.26568285,7.760063,2
6.139376,2.9469657,3
3.3261452,-0.03770544,0
1.8918884,-0.2966875,0
2.2628083,-0.7446614,0
3.2172813,1.0160836,0
1.9779253,-0.3336422,0
-1.7094882,7.5358276,4
6.30649,3.3177078,3
0.7602691,7.2674613,2
-1.2072582,9.22174,2
1.4951845,5.6919155,4
6.657266,4.0360045,3
4.1198506,7.5345764,3
6.1280055,3.26852,2
13.36314,7.920371,1
3.4988885,3.905402,3
0.3518204,6.271532,2
2.300755,-0.7568053,0
-2.1857405,8.323213,2
4.946118,6.351165,3
2.4593875,4.111501,2
3.4572337,7.600016,0
6.8017592,5.416841,3
1.817296,-0.39466774,0
12.659237,5.8745093,1
4.3712916,5.15431,3
6.6036615,5.857289,3
0.38326854,9.071754,2
10.706525,7.162353,1
-0.21811731,7.209357,2
0.7448064,4.986809,2
-1.7272806,8.138201,2
3.3205543,-0.18672796,0
2.8594513,2.4532557,0
13.107737,7.356332,1
12.179485,8.348199,1
-1.8834023,7.4428277,2
-0.0022383207,6.0467925,2
6.861744,5.831839,0
3.8460279,5.547228,4
1.8225714,8.624113,4
0.7700852,8.455958,3
2.7662408,0.68155766,0
4.9986343,4.044379,3
-0.4252208,8.081634,2
4.0468745,7.8223886,0
2.6312978,0.9797256,0
1.3646952,0.08037827,0
-2.0716643,7.9019732,4
4.774226,4.6396184,3
4.95037,4.037701,3
12.654814,7.2337117,1
-1.5443351,9.743671,2
-0.8404412,9.713187,4
4.95478,4.7529607,0
13.755015,7.937571,1
3.2639244,7.689913,4
2.723318,0.35070384,0
1.8403499,-0.22254297,0
2.488671,0.29432368,0
12.464297,6.1535516,1
11.362885,7.974862,1
11.6857195,8.282869,1
0.26974452,9.290991,4
12.479707,7.761527,1
0.721856,6.7612343,4
12.730761,5.647893,1
0.7928125,8.471474,4
-0.42432007,9.080788,4
6.238688,3.7016823,3
2.9249015,0.22560066,0
10.316694,7.628165,1
2.9912913,0.9881299,0
2.9865463,0.36820027,0
3.4869623,7.6068563,4
-0.61189735,6.749382,2
2.6965501,3.0160534,0
3.8286488,3.517505,3
2.0266695,0.6266752,0
12.843688,5.5377803,1
2.3212824,4.2867537,4
0.93619597,8.28608,4
-0.88416463,6.9061623,2
-0.48793125,7.6677322,4
3.8229582,3.4850836,3
9.654768,7.559178,1
4.016515,7.8900146,3
3.2630622,5.401268,0
1.958092,-0.28447786,0
5.5910316,4.901497,3
6.3380036,3.6078444,3
6.17383,2.9584987,3
-1.8184705,8.281908,2
-1.695857,7.9371004,2
0.14744484,9.078477,4
0.7219586,9.797741,4
-0.73317903,7.0125117,2
2.7083201,3.8823895,4
13.664089,7.498284,1
3.3343098,7.5086613,3
12.0902195,6.718927,1
11.481284,8.168738,1
5.654835,5.246245,3
11.4027815,6.6969223,1
4.8941174,7.230528,3
-1.6474189,9.780136,2
6.9967556,5.405004,0
0.07570958,9.252796,4
0.5515211,6.9439425,4
11.369595,8.085791,1
6.072073,2.9786146,3
2.4562793,1.2159054,0
3.2689483,5.9078093,3
-1.1041052,7.0600457,2
6.4859324,3.656768,3
12.269092,6.8994007,1
12.585954,7.306711,1
3.4243257,8.035127,4
13.9688,6.8615584,1
2.1954637,0.7161367,0
2.4597843,1.6504676,0
2.6634536,0.53965235,0
1.9951471,-0.4071281,0
4.8109426,4.194652,3
1.1815772,7.392997,2
12.895606,6.0511074,1
0.4899879,5.800166,2
6.381549,5.9133997,0
11.930571,8.491113,1
3.9982932,7.5204597,4
2.611473,0.79396063,0
6.230842,3.567154,3
1.4569967,-0.33135578,0
4.069777,7.8918376,3
6.559458,4.062602,3
3.4839005,7.7779284,3
0.9487006,7.211447,4
1.1624212,5.4988213,0
2.0286822,8.28542,4
4.960604,4.5162616,3
12.737084,7.2962646,1
0.7077742,8.099388,4
0.13104767,6.5946503,2
4.054841,5.776449,3
0.087157205,6.1385174,1
-1.5364803,8.932306,2
6.7974424,4.592755,3
3.4254837,7.559619,3
4.25609,3.9499683,3
-0.9764611,9.712461,4
1.8982463,0.22606467,0
-1.6263899,9.85245,2
-0.5190694,9.12033,4
0.112981945,10.111165,2
4.717845,5.834092,4
1.8737667,8.42158,4
12.485877,7.836694,1
1.0631326,8.34605,1
1.8001083,7.305991,2
12.91325,7.0546694,1
3.4200416,-0.12094683,0
-1.2888236,7.776482,4
-0.44171658,6.652901,2
5.484821,4.9631553,3
-0.91325307,9.627308,4
1.8050421,7.0840054,2
2.6051679,2.84159,0
2.999366,2.3341408,0
1.2459385,8.565986,4
4.2358017,4.7268796,3
-1.5399469,8.542121,4
5.7674212,4.672464,3
1.8686122,5.016836,4
-1.7707454,9.629175,2
-0.38851777,6.291586,0
2.5540812,0.6682445,0
3.1147165,3.7646418,3
2.8939364,8.0690975,4
12.417848,7.2502074,1
0.8662827,5.357073,4
13.679606,7.608666,1
12.663928,7.551888,1
3.1874452,8.25685,3
3.11306,7.8915076,4
12.011546,7.013008,3
0.24807747,5.952892,2
2.4614701,0.06551069,0
0.7446366,9.171148,4
4.9834194,3.4618561,3
2.4869215,1.0094942,0
-0.35485768,8.574655,4
-0.6947095,7.563235,4
6.617695,4.1483703,3
1.108702,9.669681,2
2.6356828,2.1289423,0
-1.3923845,9.6240225,2
3.2017303,0.22356243,0
0.6310969,5.8202586,2
0.61820745,8.803344,2
2.6969097,3.7219596,0
4.586211,7.1058974,3
5.2076077,4.549495,3
5.0690484,6.878562,3
0.18363091,10.345046,4
2.7276788,2.090647,0
7.068941,5.3229284,3
-1.3122118,9.6482115,4
2.6085665,-0.2859988,0
13.846744,6.5834665,1
13.573157,7.45956,1
11.000081,7.5026307,1
4.9379973,3.7165673,3
0.10563661,5.946849,2
0.39550406,5.8630433,2
-2.1182594,8.800671,2
6.3618455,4.6272798,3
2.7430134,2.8016684,0
2.1108165,-0.78638375,0
-0.6406446,8.98653,2
-0.451173,9.280704,4
12.083198,8.213995,1
6.6125174,3.9437218,3
12.269973,6.814515,1
0.6059846,8.606184,2
5.0055776,3.880239,3
9.813973,6.9928308,1
1.5359848,4.8693233,4
0.92327964,6.8665266,4
4.853559,5.801455,3
3.6587584,3.946656,1
1.6623678,8.394945,2
2.6936762,3.9991965,0
7.0580215,5.4194665,0
3.8266592,3.466022,3
0.46200404,8.751603,4
0.23635934,5.4510517,2
1.2122269,7.319761,4
13.688631,7.9651456,1
13.239556,5.8496804,1
-1.0086637,7.044365,2
-1.6564574,7.4926553,2
-0.6961874,9.668354,4
0.70337415,9.573188,4
1.4130751,9.10479,4
-1.4498442,6.399659,0
4.00494,3.943999,3
-1.0498657,7.194204,2
3.1672125,3.6142085,3
12.373664,8.344062,1
-0.37067106,6.5005684,2
2.0202484,0.7547674,0
2.3926103,0.26103657,0
1.4820744,-0.026952598,0
0.18066789,10.335354,0
11.775539,6.801125,1
6.513425,5.009866,0
13.07346,6.681818,1
-0.23292091,8.4592285,4
2.6420884,-0.50297844,0
3.8048556,5.8905516,4
-1.590206,8.328241,4
-0.032382865,6.8446746,2
-0.7652631,9.500261,4
1.4586263,8.771472,2
-1.3679345,6.93616,4
2.9152193,3.5626435,2
12.842949,5.545742,1
-0.91400504,6.5557957,4
3.94467,6.480081,0
2.6329002,2.531618,0
6.5824413,3.754404,3
0.6283093,5.8227477,2
6.548392,3.7097347,3
12.7712755,5.501177,1
3.8432503,5.4283814,3
3.5701025,0.0241303,0
2.6689413,2.6640346,0
3.534529,8.128159,4
5.71638,3.4468486,3
6.270758,4.186606,3
-1.2724339,7.981336,2
0.958739,8.601282,4
3.298539,8.3026285,2
1.409134,9.445883,4
1.8472141,-0.06701784,0
4.937649,4.165572,3
6.3482747,3.8775685,3
2.8674934,3.2895157,0
6.2617035,4.230362,3
-1.490018,7.4072943,2
5.9435844,5.136034,3
3.9011462,7.5748835,3
5.215014,4.584279,3
1.0013756,9.192186,4
3.5204756,3.9619074,3
13.948665,6.8486533,1
4.2665954,4.399916,0
0.22016273,8.6786785,4
13.848851,6.553779,3
12.378083,6.770117,1
6.5809193,4.756169,3
-0.77865523,9.709587,4
-1.6829908,8.269533,4
12.601844,5.973643,1
5.6355844,3.7060437,3
2.659958,1.8658354,0
2.5822902,1.124625,0
-0.8551421,9.37157,4
6.5871615,3.9356978,3
12.016223,8.413301,1
-1.0808765,7.59419,2
1.5190318,8.929223,4
6.6102567,5.1319003,3
0.6809053,5.281096,2
5.9528503,3.2783904,3
1.6026181,8.751646,2
4.721807,3.6424816,3
6.0643682,2.8976042,3
13.631359,7.6710143,1
6.592238,3.841387,3
13.858003,6.6442585,1
13.907136,6.573024,1
0.4258226,8.733334,4
2.3844154,-0.3657189,0
2.761643,2.177935,0
1.5696632,5.402813,2
0.9287844,9.448291,2
-1.9170421,6.8922772,0
-0.32910964,7.4785037,4
-1.7762327,9.625293,2
12.485131,6.500871,1
2.5607827,2.5579836,0
3.1883054,7.9765234,4
-1.5638864,8.286574,2
4.833471,6.6147304,3
6.1431313,3.3996844,3
-0.46162814,7.2423816,2
12.1449175,8.047004,1
2.7239966,2.661598,0
13.970951,6.764003,1
-1.5802443,7.7409215,4
13.756585,7.9064956,1
3.3977265,7.557597,4
3.0548718,7.417539,4
6.2267246,4.3171473,3
2.7402375,-0.19933338,0
0.41190162,9.839452,2
6.0938153,4.5869727,3
-0.08389537,10.623175,2
4.772314,7.241571,3
5.8140006,4.9743667,3
3.7836952,5.9636416,3
2.4077973,4.1958914,4
6.6206837,4.93933,0
-0.5453605,6.2403107,2
1.9676325,0.7974553,0
6.8557525,4.6247673,3
6.6349335,4.7562065,3
2.859976,2.4956439,0
6.4904037,4.261747,3
12.888591,5.7915697,1
10.002265,6.9401727,1
13.829255,6.2579813,1
3.7455664,3.780746,3
-1.609937,7.639866,2
6.4677296,5.4894357,3
10.894986,7.0371857,1
6.5577235,3.780767,3
2.6924968,0.04112191,0
-1.2763784,8.504577,4
2.8941092,0.16955176,0
-1.7744819,7.2250023,2
2.620644,0.985226,0
0.74409115,9.701028,4
9.725747,7.515521,1
-1.2929417,8.819434,4
6.0853157,3.5672126,3
2.514764,2.8440528,0
13.875684,7.601335,1
6.433734,4.5191226,3
10.228966,7.440403,1
1.8093865,6.5959096,2
1.3521422,7.909019,4
0.32615522,9.242414,2
-0.62396634,10.510036,4
6.8040743,4.8666162,3
13.029178,6.576123,1
2.7504551,3.900535,0
5.2019286,6.990323,3
12.742579,5.4730563,1
2.1293223,0.4623171,0
1.6916147,0.0053297826,0
0.06820613,9.939318,2
3.795914,3.7701068,3
0.94401866,8.586746,4
12.973689,8.028551,1
1.400175,0.11471297,0
-0.7082759,6.8487954,2
-1.4810039,7.4938936,4
2.858254,0.14608161,0
2.1102352,-0.14211896,0
0.64366496,5.614133,2
-2.2012305,8.207348,2
12.571598,7.969683,1
0.7152131,5.446305,2
5.9382133,3.8934188,3
-1.0015633,6.9846644,2
0.3997546,10.055799,4
4.0582767,4.133205,0
0.12986216,10.422023,2
2.897711,2.8861864,0
2.9362595,5.6425915,4
5.9956336,2.9503329,3
1.3806357,5.3355765,2
9.692118,7.542286,1
0.101664744,8.867813,2
13.205233,6.1080694,1
1.9830389,7.8336444,4
-1.3532217,8.30356,4
2.0509617,8.395802,4
-0.9295378,6.3729634,2
2.9781122,2.7104964,0
-1.5261699,7.183606,2
3.0795941,0.65460783,0
2.8835204,2.331641,0
3.3245714,8.217942,4
0.3754308,9.232503,4
12.821953,7.526863,1
2.5490482,-0.75776416,0
5.6755934,2.8989637,3
9.210664,7.522571,1
11.208944,8.442244,1
-1.5325445,8.091701,4
9.420051,7.5925584,1
-0.5130242,9.864708,4
2.160398,-0.53274465,0
4.774074,5.84834,3
5.3197904,6.2134385,3
2.538457,3.9641764,1
6.8648305,4.908677,3
3.0657766,0.46949324,0
5.9209104,5.0574365,0
6.5623803,6.120943,0
3.9442458,8.008737,3
12.523419,5.837441,1
12.757763,5.8932433,1
4.9437366,6.3837085,3
2.3930595,0.039149698,0
12.436156,7.003041,1
6.165904,4.55749,3
1.3522294,9.313969,2
5.6986985,2.8008018,3
9.618328,7.5794153,1
1.2012749,5.1384926,4
3.0707552,5.996877,3
4.003554,6.523323,4
2.251799,-0.24537972,0
2.5629308,2.3812995,0
2.7776353,6.184319,0
6.7789516,4.499344,3
1.9250578,-0.03672618,0
4.39776,7.0293026,4
5.296744,6.625989,3
0.50841725,5.8820286,4
12.714957,8.027137,1
-1.8395364,6.683089,2
1.3454415,0.22496547,0
3.2041733,3.581076,3
2.9707227,8.039131,4
2.9553423,-0.35607502,0
4.0272098,7.855551,3
-1.3981464,8.582681,4
-1.2228302,8.398412,4
0.68839294,9.703968,2
2.6783216,3.146426,0
0.40018743,10.158529,4
12.299927,6.7230883,1
6.271728,5.067836,3
13.7620325,7.754318,1
13.416621,5.786889,1
0.28824478,10.646656,2
2.7913878,3.862164,0
13.569931,7.405669,1
0.302687,7.325251,4
2.6086798,-0.63362277,0
6.5079174,3.7794764,3
13.464515,8.021685,1
-0.72808313,7.7772303,4
2.7387607,0.0068594734,0
5.381995,4.0285583,3
2.9813395,0.2272135,0
4.6854267,3.8246243,3
5.727157,5.2989874,3
2.6499941,1.5068568,0
12.036295,8.447934,1
6.1441574,4.4622235,3
5.7795653,2.8011758,3
13.876361,7.458567,1
0.5236748,6.1317058,2
5.4965053,3.0601342,3
2.0541947,6.9814677,2
1.4266821,9.323734,4
0.13825813,6.036206,2
6.307462,5.6355233,3
-1.896742,7.4183774,2
3.938223,5.6611867,0
-1.5062246,8.936358,4
6.034474,2.8581028,3
12.174518,6.7778335,1
13.691307,7.2207737,1
1.4714879,5.6434474,2
1.3823838,5.8014007,2
0.7623405,8.694904,2
0.2448915,8.168447,4
-0.96907973,8.506447,2
-0.34131512,6.024616,1
-0.9159881,9.685131,4
12.754656,7.727337,1
2.6183047,3.89381,0
0.9134477,5.4660645,2
-1.727761,9.749315,2
12.795811,7.823455,1
0.16379145,7.53412,4
0.9304615,8.663735,2
6.238806,2.8720436,3
11.394399,7.6335454,1
3.197144,8.227632,3
13.851606,7.381294,1
0.44910473,8.6037655,4
2.6992402,-0.08268265,0
-1.6545727,8.364435,4
12.238926,6.857048,1
2.6651385,2.186871,0
4.195281,7.583867,4
-2.088355,7.6469355,2
13.472155,7.1165347,1
-1.7715262,9.770846,2
-1.4014261,6.248024,0
6.8698945,4.734191,3
-2.0005412,8.819241,2
3.474731,-0.13623348,0
10.937896,7.50608,1
11.365024,7.4359,1
2.0077183,0.78017044,0
13.33051,7.022852,1
1.933885,-0.26630592,0
13.483386,7.9908705,1
0.63434714,9.652835,4
-0.9663408,9.788905,4
1.9969736,0.057871643,0
11.595452,8.201901,1
2.1543834,1.0111244,0
-2.022345,7.5080185,2
0.5283239,8.450836,2
13.704317,6.163811,1
-1.651328,8.0032835,2
3.1428576,2.7162323,0
-0.9927752,7.6678576,2
0.7178042,7.151484,2
6.823355,4.560758,3
2.6426795,7.3845563,0
0.4779374,8.721796,4
-1.9223894,9.222651,2
0.53615314,5.7194457,2
12.541945,8.084206,1
4.044579,5.524021,3
-2.2010837,8.313535,2
5.9146605,4.8464794,3
1.0392623,7.291458,4
2.6523042,8.02091,4
-1.9247603,7.2581744,2
-1.8719364,7.4980826,2
6.6303782,5.6261673,0
6.3454823,4.1961856,3
0.4237069,9.242008,4
0.72898525,9.6888,4
0.0046525444,9.980801,2
0.56912345,6.255248,2
-0.76441836,7.3242736,2
6.4401703,4.5092773,3
6.546985,3.7430305,3
6.139912,2.9417548,3
4.251707,6.224706,3
1.3144284,7.235134,4
3.04277,6.2696047,2
6.702117,4.512122,3
0.81756085,7.485649,1
5.6692224,3.264752,3
3.955508,6.9922633,2
0.67786896,9.648668,2
1.1064216,9.750488,2
2.06389,0.45878235,0
0.20050576,7.2268114,3
2.4288855,1.7443115,0
10.379607,7.605737,1
1.9185859,7.3710046,2
2.858799,-0.314329,0
10.439759,7.6098905,1
1.0478141,5.7193584,2
0.75438297,6.6949496,4
-1.6341656,7.6866293,2
13.352759,7.2705784,1
2.641312,8.113179,2
-0.57776785,9.487789,4
5.915613,3.5289235,3
-0.6437887,6.977434,2
-0.07320546,7.6599135,4
2.1699424,0.6035158,0
13.265432,6.58381,1
0.6642621,9.669915,4
9.800254,7.4763155,1
1.854181,0.99422574,0
13.894847,6.6112504,1
1.0229313,6.002674,2
-1.3199741,9.458581,2
6.53078,4.992975,3
4.399753,7.0239234,3
0.63504297,9.668438,4
12.709603,5.673864,1
4.690831,5.590352,3
0.48513335,10.0055065,2
0.65020084,8.73047,4
12.2207775,7.52663,1
-0.24298854,7.498577,2
0.64571285,10.507732,4
2.6517103,3.8229415,0
2.5753722,3.0954995,0
4.685946,6.574188,4
-1.3888717,8.638226,4
5.351927,3.112678,1
1.6689485,8.325246,2
0.1041874,10.21612,2
0.50666857,8.693248,2
4.660195,4.0703344,3
-1.7055038,7.1786666,2
12.651327,5.450745,1
-0.03413125,10.043337,2
0.57198685,5.5860868,2
0.041224796,10.362303,2
0.26379278,9.803909,2
-1.2467179,8.126115,4
-1.3680544,7.710451,4
3.5237153,-0.029395036,0
9.24945,7.557222,1
11.706291,7.104122,1
1.5413535,-0.36456084,0
6.729356,5.316541,3
4.040813,5.761533,3
3.3827946,3.8514345,3
-2.0893202,7.7500134,2
4.05002,6.272119,3
6.3988914,5.5536933,3
-1.8346677,6.7401156,0
1.9318496,-0.64263964,0
0.7679167,8.280383,2
6.9284625,5.76683,0
3.2377007,-0.122010395,0
13.114581,6.482102,1
0.6949799,7.1186113,1
-1.001161,9.827672,4
-0.43940666,8.365473,4
2.2019613,-0.4213235,0
6.481417,4.2983546,3
12.247678,6.1535068,1
11.3768635,8.039618,1
-1.4221915,6.993916,4
2.967633,1.0410948,0
5.809884,4.96219,3
5.9613013,5.6967916,0
4.6985173,5.79793,4
9.31842,7.5064864,1
5.0747356,3.8736646,3
2.225573,-0.79525125,0
12.078327,6.556061,1
6.3152003,4.546946,3
0.12423159,6.4402933,2
6.187402,3.8251982,3
2.9398234,0.65360963,0
-1.5002807,6.4715624,0
3.335876,8.227691,4
13.148074,7.544783,1
2.7902005,-0.25690824,0
13.894633,6.761188,1
5.7518644,2.8532734,3
5.2250013,4.3089323,3
13.1072645,7.7815146,1
-0.74292153,7.904251,4
3.0746226,0.9159777,0
5.0558004,3.4726987,3
12.852674,7.2861004,1
12.008685,6.543876,1
3.4613888,0.20666964,0
2.187241,0.564086,0
13.60986,7.75448,1
6.2190037,4.444322,3
6.150301,3.2017324,3
1.6070737,8.336975,2
1.3527545,9.174718,4
13.297,7.825143,1
1.1515386,5.6853127,2
13.288968,7.885226,1
2.650151,3.4927194,0
2.4813876,2.7789364,0
3.9940176,6.825305,1
4.4174953,5.711731,3
-1.5393502,7.450507,4
1.4129608,5.6438875,2
-0.37863433,7.4193134,4
6.5928392,4.1970916,3
4.0237184,7.507808,4
-1.4069791,7.6107864,4
2.385635,1.1004959,0
3.9946828,6.1105413,4
1.2073354,5.4458404,4
4.5348234,7.1335855,3
-1.017322,8.393798,2
0.58624,5.390169,2
6.7696195,5.5043817,0
4.715341,7.2027426,3
3.9462454,7.3568506,3
13.795013,6.711761,1
5.3239737,4.557638,3
12.183779,6.361668,1
13.578515,5.946216,1
1.9606744,-0.3403419,0
2.7564745,-0.5072372,0
13.300636,7.4479322,1
1.7051098,7.295208,4
3.427261,8.392877,0
-1.9906894,7.143427,2
4.3422403,5.5295553,4
4.1095214,7.239037,3
-1.449326,6.7438383,2
0.15100662,6.7304196,4
-1.5635225,6.773152,4
-1.3141141,9.555276,4
0.78878784,6.8642316,4
0.1883266,9.053653,2
12.184618,6.9507084,1
2.6260972,0.0584071,0
0.94365776,9.616496,4
6.685926,4.20741,3
11.232221,7.115681,1
-1.5397438,9.628583,2
-1.7197192,8.33906,4
13.528904,7.7315097,1
2.6680653,3.846917,3
1.4898611,5.3778915,4
-0.49076816,7.591812,2
0.34401017,9.754779,4
4.4651,7.5859275,3
0.7747184,8.377101,4
2.4824977,0.94741076,0
5.5200458,2.9837477,3
6.4675217,3.6865551,3
1.3168293,5.0315065,2
5.087086,4.2324896,3
-0.38970137,8.062262,2
11.337631,6.7686663,1
2.7238011,-0.020455673,0
11.587225,8.223629,1
2.3615716,0.8118445,0
11.307655,6.642085,1
5.755446,5.2747207,3
-1.0287899,8.399138,4
4.0148854,7.109259,4
0.68178743,8.574492,4
6.1555996,4.4423666,3
12.655963,5.4591722,1
0.5047294,6.0541606,2
12.186398,6.826905,1
-2.0416536,7.821797,2
3.0319996,0.868209,0
4.3860087,7.0667496,3
1.7514682,8.202634,2
5.3346205,4.3735785,3
0.41948017,6.7809367,2
2.734605,2.6932552,0
0.52952486,9.76513,4
-0.037778307,9.9282875,2
0.79891944,8.535858,4
-0.5388951,6.15017,2
0.93952644,5.3899827,4
13.857061,7.427208,1
0.58401805,8.424674,4
3.0223167,0.64151335,0
12.79893,5.555906,1
3.8148532,7.3190536,4
0.10035022,5.846799,2
5.008684,6.654028,3
6.542582,6.168935,3
0.5011135,10.048626,4
6.048764,3.4781702,3
11.948629,8.102098,1
1.1192353,8.406657,4
-1.091612,7.155585,2
5.575306,3.251462,3
-0.45116398,6.457234,2
-1.9635142,8.359898,4
12.372252,6.8003035,1
3.2909472,0.42839673,0
1.5853403,4.8261104,4
-0.11124635,8.845893,2
6.577482,3.7454667,3
-0.35165262,6.0058904,0
-0.9180692,6.9687467,4
-1.7154824,8.235576,2
-1.379564,8.813987,4
2.4513621,-0.7724418,0
0.117293395,9.808802,2
1.9921935,1.263871,0
12.710756,8.087185,1
13.814609,6.2075467,1
0.32139418,8.69757,2
3.0296636,5.8774977,3
6.93978,5.404441,3
1.4715314,9.108436,2
0.34109598,8.883562,2
2.9444444,0.30656564,0
-1.3728828,6.8096633,2
1.481678,8.770425,2
0.078638144,8.645402,4
-1.4282396,6.430357,0
2.6472268,6.4959936,3
0.86194277,8.3955965,4
11.185815,7.0743704,1
6.0373893,2.8618946,3
-1.4628125,6.455338,0
4.764737,4.12295,3
2.216438,6.839543,4
5.712589,2.853885,3
4.099095,4.2971272,3
2.6491144,3.1165705,3
13.35208,5.7415304,1
1.5164043,8.687374,4
-1.7466118,8.224522,4
3.8299146,3.518924,3
6.1591763,5.1846337,3
0.7138702,8.040255,4
10.899976,7.360561,1
2.5456254,3.3766804,0
3.161178,7.939939,4
3.07084,7.735231,2
-0.5416363,6.6173406,2
6.217846,4.689748,3
11.12404,8.353938,1
0.73903346,5.40266,2
-1.1099964,8.66222,4
1.598616,5.220472,2
0.100086264,9.502462,2
4.2898707,7.201439,3
0.43352187,9.335516,4
-2.1185472,7.4426384,2
1.4682244,8.652613,4
5.31295,4.4315333,0
6.1825204,4.70156,3
5.8108196,2.8869004,3
-1.218952,9.363295,2
3.1707327,3.7627323,0
1.8404024,6.4069424,2
12.13154,7.0200567,1
3.1578982,7.9677725,4
-0.51680374,8.873914,2
0.6358485,8.267555,4
2.6702962,7.0079675,4
10.094217,7.730882,1
1.2744466,8.928413,4
-1.3802779,9.542757,2
3.6793098,3.7309196,3
10.979283,6.6174254,1
11.237412,7.762015,1
-1.9143293,7.9014287,4
4.072462,6.190311,3
2.2522798,0.9562648,0
6.758784,3.9444168,3
2.213114,7.012217,4
-1.824607,9.762144,2
12.781215,5.4582276,1
4.5201116,6.8452635,3
2.0815518,0.065694064,0
0.9864131,9.832948,4
12.248523,7.5478234,1
1.9337815,7.8666515,4
3.9052973,5.9192157,3
1.9328701,-0.3578263,0
6.6888647,3.9107494,3
-1.4578117,6.5088706,0
1.2517726,5.8830132,2
5.0050554,3.126875,3
1.2705425,9.355056,4
3.1286778,1.3461435,0
3.0319295,3.8670073,0
-1.7273419,7.259851,2
12.940095,5.6143665,1
-0.9844063,8.34538,4
1.7371806,7.2964816,2
-0.7485698,7.7185225,2
2.319683,1.2703862,0
13.509546,7.285652,1
6.833122,5.5393014,0
0.24938957,7.2309155,4
-1.9148731,6.874569,0
1.6927794,6.682465,2
1.1202309,5.854731,2
3.8391273,3.9228356,3
1.6443759,8.908659,4
9.255887,7.5696654,1
10.175574,7.544013,1
1.3197608,5.7498536,4
13.418515,7.8776402,1
2.7497113,3.0955617,0
6.174572,4.662189,3
10.088557,7.514425,1
1.5494356,-0.27093184,0
5.6199217,2.8880818,3
1.7147592,0.5246311,0
11.718642,6.663099,1
11.411826,7.334216,1
6.7402525,3.8633425,3
10.26257,7.609364,1
9.265142,7.51331,1
3.896396,5.7504215,3
4.1507163,7.7071524,3
0.71436167,5.5943813,2
3.5948002,5.5407224,3
-1.9965912,7.132122,2
2.582675,-0.4961497,0
0.81611013,6.1265283,2
2.9957004,5.927617,3
2.937342,3.91346,4
4.988994,6.220264,3
6.665366,5.908073,0
1.2600634,5.6627836,2
-1.4890838,8.371153,0
3.7335112,3.771432,3
0.6635775,9.948116,2
0.2734434,8.311068,4
0.05713253,5.833352,0
6.2211165,4.731392,3
-1.5632762,8.270837,4
-1.3506013,6.330055,0
9.708192,7.5387754,1
-0.870554,8.337441,2
0.7878329,6.429828,2
-1.4673405,8.187415,2
11.450799,7.601694,1
1.1385942,7.057227,2
3.9016836,4.3772764,2
3.6706944,3.8455727,0
-1.582791,9.458495,4
3.3946128,-0.21487363,0
0.5349768,10.018094,4
2.606199,-0.6539282,0
4.4474826,7.057289,3
4.0027103,5.7446876,3
2.5448298,2.822495,0
-0.9941253,8.665461,4
0.28714275,8.103947,4
-1.4620198,9.666326,2
6.7709336,4.8661313,3
3.0665567,0.29313904,0
1.1019362,5.6481557,2
6.6245403,5.5220385,0
11.738101,6.634223,1
2.8834844,-0.23944817,0
6.681694,5.896448,0
-0.49141583,6.7859826,2
-0.10339187,7.3933907,2
-1.2659065,8.700553,4
3.9858077,7.8844037,3
0.8205246,7.9202957,3
-1.861688,8.623248,4
-0.7343036,7.1204367,2
4.8076777,4.5789585,3
5.453603,5.1878147,3
10.935751,7.6863823,1
-1.9637377,6.9585404,2
3.549177,-0.06432674,0
5.840569,5.142713,3
-1.2166706,9.373951,4
12.872284,5.423161,1
3.6971483,3.840307,3
-1.3944933,7.557696,2
2.5906074,1.5076531,0
13.276806,7.0909066,1
1.7708093,7.135052,2
12.620534,7.7646675,1
4.983364,6.5992866,3
0.5484004,6.2124243,2
3.041254,8.202177,4
3.7257988,5.429857,1
2.5735111,2.742456,0
13.969552,7.0221467,1
5.4518266,5.1688175,3
-1.3922076,7.485547,2
1.7070693,0.010983839,0
6.758539,5.4548798,3
3.469246,-0.18171678,0
12.070148,8.285688,1
1.793388,4.8799667,4
-1.4385916,8.876251,4
-1.1337732,8.944787,4
3.496447,-0.12552044,0
1.4255728,0.38245565,0
2.1940148,-0.61869705,0
0.96523994,7.1263,4
6.993205,5.4393363,0
2.4415267,0.814491,0
4.894987,6.568515,4
12.401257,6.2565756,1
3.6586401,7.5291357,4
12.194865,6.0087967,1
0.009466231,7.2110934,4
0.21112806,9.149345,2
6.3147163,5.8446007,3
4.1513453,7.7113857,3
2.5907872,1.5868477,0
-1.2795106,9.537031,2
1.1748254,5.6598396,2
4.0488796,4.18832,3
12.154276,6.7678747,1
-0.45609823,6.5049577,2
-1.2686025,7.39299,2
4.9929156,6.408688,3
2.7729182,-0.39384544,0
-0.70835066,9.416199,2
-0.05691967,6.010229,0
2.6376603,3.0030553,0
0.64887536,7.6112857,4
11.7135935,6.840608,1
2.7071023,-0.031990603,0
13.900457,6.8472176,1
6.820487,4.917744,3
1.7800493,-0.43511263,0
2.9040961,3.595366,0
4.549317,4.104088,0
2.522692,2.8928802,0
12.149439,8.425226,1
0.56325984,6.44396,2
5.398912,5.9090953,3
5.8283544,5.052364,3
2.5982468,-0.1270895,0
3.1059334,8.159328,4
1.645804,5.1335516,4
2.671881,3.9999874,4
11.238019,6.777013,1
5.167453,6.954438,3
0.24567725,7.5812845,4
0.8077595,9.690565,4
12.412249,7.514472,1
1.0250306,9.211606,2
0.9846295,9.831458,4
-0.7675593,10.376087,4
2.8118334,2.2292411,0
3.9961052,5.4455976,3
3.175622,8.056282,4
-1.5725343,7.735787,2
6.7231984,4.1785207,3
6.298124,3.5510125,3
10.57679,6.879674,1
9.848546,7.1319737,1
-1.0493028,8.997364,2
5.411031,4.1862574,3
6.897619,5.0129137,3
4.6095157,6.630467,3
2.6183398,1.1616,0
13.001612,6.7375093,1
12.191833,6.8955774,1
3.2299201,-0.26034734,0
3.4938762,3.9850843,3
6.039408,2.9302347,3
2.3733094,-0.6491109,0
3.5939612,8.192792,3
13.276975,7.723946,1
-1.7653692,7.0448766,2
6.647627,4.7817693,3
0.8144413,5.7311783,2
1.4139979,8.073866,4
4.5602264,4.7881494,0
12.792506,7.42871,1
0.5428377,10.049904,4
12.430579,6.2198796,1
0.1905596,10.237177,2
1.2885132,-0.0061234673,0
3.1810145,0.17920227,0
3.4530559,8.34477,0
2.8275838,2.955969,0
3.3973536,-0.20788771,0
3.928333,4.6583166,3
6.8685074,5.8668165,0
2.228878,5.786094,4
6.6901655,3.9492793,3
12.25452,6.588451,1
-0.68036103,10.286306,4
5.098584,4.0052595,3
2.913407,1.0245138,0
6.7616253,4.6350613,3
6.3436213,3.4212754,3
2.61738,2.767485,0
-1.5488682,8.948754,4
-1.8637359,7.440094,2
0.5691328,5.7056437,2
2.697465,3.7459986,0
-0.7245579,6.216589,0
6.147829,3.0251575,3
2.6257324,2.665985,0
1.9200618,-0.16073844,0
0.16303305,8.318635,4
1.028964,7.110897,4
1.1353796,8.182505,4
6.546244,4.1431456,3
6.5605197,3.918477,3
13.808778,6.389024,1
-0.26856902,7.6244626,4
5.184879,3.8532534,3
0.7143812,7.9490514,2
1.0839875,9.769354,2
6.260887,4.6008434,3
3.3571243,0.10370416,0
12.547186,6.972015,1
-0.086988896,9.971262,2
4.340141,7.619515,3
5.2896566,6.34734,3
1.652368,8.385755,4
0.73038596,5.3844566,2
-1.0983666,9.409059,4
13.716906,6.775721,1
13.301116,5.728829,1
3.876777,5.9694853,4
2.4871886,2.7025928,2
5.7507787,4.0608525,3
0.64571464,6.389778,2
2.9813108,7.4375978,4
1.1497161,9.480612,4
-1.8495759,7.4566255,2
0.8331778,5.2374454,2
13.189987,7.4577365,1
6.712513,5.0205293,3
4.5658646,4.1906247,3
-1.4272211,6.4786425,2
-0.42896438,6.3359747,2
11.778004,8.052687,1
5.021947,4.037363,3
1.2086108,8.517728,4
6.18299,2.9514432,3
1.3286048,5.087033,4
5.4364457,3.1013927,3
5.7849393,2.8849716,3
-1.3993914,7.547637,4
11.367019,7.4630833,1
-0.074493036,10.672303,2
6.100708,4.404891,3
11.533651,8.212411,1
-1.0360173,9.51885,2
10.430488,7.2498984,1
0.8483951,7.454984,1
4.2335854,5.814167,3
3.7754276,3.928754,1
-0.30844113,6.151067,2
3.1598594,0.53029925,0
-1.5675153,9.682044,2
-0.79603523,9.051502,2
13.094882,7.5828753,1
2.4828146,0.4737132,0
1.3634884,7.114038,4
2.2898011,4.4190073,2
11.770224,8.165254,1
-2.263091,7.877614,2
0.4694558,10.483142,2
2.5910897,-0.43474117,0
1.5310203,-0.29265195,0
2.4600365,2.5922701,0
11.867506,6.74391,1
2.4164517,1.6951365,0
11.337762,7.1276975,1
1.781057,8.055274,2
4.859187,5.4474,3
1.2015579,5.706279,2
3.9291477,4.709794,3
3.0663686,8.364693,0
1.7290192,5.3714433,2
6.5454283,3.9022493,3
12.680023,8.085085,1
13.114558,6.9977303,1
4.1632466,7.5600924,2
0.57353663,5.8927665,2
0.07703006,8.645747,2
2.601209,2.758874,0
0.799924,9.913868,2
3.9325526,5.3431215,3
2.2806318,-0.7371681,0
1.8807298,6.2679873,4
1.3899249,5.1394067,2
12.461847,7.749018,1
12.158754,7.9934907,1
5.938868,3.2752295,3
-1.6730839,9.78194,2
2.409671,4.0470743,0
12.266765,7.8201084,1
2.6467736,2.1962628,0
5.141953,3.0628183,3
10.622427,7.5288367,1
5.542335,3.095076,3
13.381848,7.0817924,1
2.9510977,0.4574916,0
0.8018945,7.050879,2
-1.1702251,8.013961,4
-1.478842,8.669511,2
5.4201694,3.8393908,3
2.7609587,3.049688,0
0.31787544,10.010897,2
13.591896,5.9595213,1
0.2832337,5.642168,2
0.5431428,5.8609166,2
4.4207883,4.3433576,3
3.9806557,3.7934113,3
-1.6801472,8.232758,4
5.1718225,3.8453104,3
2.0153902,1.1005309,0
4.3661375,6.997866,3
5.170109,5.0839214,3
5.3840895,5.073815,3
-1.3434443,8.4871855,4
-0.34286895,8.233464,2
-0.40885538,8.415114,2
2.114288,-0.4150516,0
0.82092583,8.282172,2
0.79793894,4.9325967,2
-0.40376392,6.444117,0
1.0143489,5.0488205,2
-0.30043054,6.668308,2
12.697821,5.383694,1
0.5900959,6.11206,2
11.72512,6.7870717,1
-1.5331565,6.363136,3
0.07754938,8.636133,4
2.604221,-0.38295522,0
2.9761257,6.000742,2
12.603133,7.4549828,1
2.7440188,0.028359046,0
6.726871,4.8000307,3
12.823169,5.44507,1
2.329641,0.89970905,0
0.18057235,6.362023,2
-1.6653761,9.172693,4
0.78094953,9.643671,2
11.822982,7.6446395,1
0.5471949,10.483017,2
6.585759,4.692359,3
5.3400064,6.5202727,3
3.8440993,5.3795896,3
11.693136,8.399239,1
-1.5539031,9.268744,4
10.445198,7.466691,1
0.6136698,9.495668,4
2.9408739,1.8246857,0
6.620511,4.7311964,3
-0.31065097,8.452408,4
-1.6294283,7.768701,2
2.4340181,2.3912866,0
2.9543722,6.0658526,3
6.6023726,5.786721,3
0.95076716,5.3652167,4
3.9582403,7.9819193,3
11.031102,7.1081057,1
6.664908,5.224604,3
0.6053217,6.2259703,2
4.9241505,6.117645,4
3.520665,-0.067497596,0
3.7990198,5.8148837,3
5.466069,3.8691134,3
13.3229475,7.084362,1
5.4979873,4.1754723,3
13.09451,6.5156984,1
-1.2376169,9.625318,4
0.12103652,8.344547,4
12.008727,6.0253177,1
-1.8524733,9.688724,2
3.9144957,4.669046,3
5.766179,2.814297,3
13.693617,7.5759697,1
4.124446,5.388763,3
0.37956372,8.715431,4
2.2422047,1.6210713,0
2.4840515,0.9427065,0
12.042485,8.474409,1
2.6391754,2.15229,0
2.6231194,2.5587075,0
6.3899913,4.470036,3
1.5515984,5.449762,4
0.63336354,9.626933,2
13.456709,6.5066705,1
2.8337264,3.675606,0
1.61142,6.8697147,4
-1.6757184,7.4692984,2
11.36355,7.5121045,1
-0.83845407,7.08109,4
3.0144281,-0.37727946,0
2.4705725,1.5683242,0
2.5537431,2.5221324,0
-0.07317452,6.163624,2
-1.5499492,7.3562336,4
-0.28633168,7.5067086,4
2.140732,-0.50625527,0
0.124837935,9.299025,4
13.271579,8.188746,1
2.9426765,4.9566593,0
3.4410574,8.103371,3
12.728695,8.025643,1
0.93666613,7.2238045,4
6.471857,4.548667,3
6.084128,5.782909,0
-0.41881046,6.058092,2
0.56576073,6.0959964,2
6.502483,4.100219,3
-1.8810259,7.5627456,4
-1.7852609,9.787151,2
5.772426,3.4271176,3
12.509494,7.9549494,1
-1.5221783,7.734796,4
12.698349,7.1165533,1
0.91226673,8.29513,4
-1.1818434,8.356061,4
-0.95539623,8.364143,4
-1.1800824,8.596861,2
-1.6329567,7.5774117,2
13.278869,5.8009644,1
6.7514973,4.1504583,4
12.048871,7.6663737,1
11.212383,7.069043,1
13.515632,7.9313207,1
3.794019,3.496058,3
3.8876102,5.9127235,4
3.4566073,8.360072,2
1.9389545,-0.28979513,0
13.204799,7.8194375,1
0.44474876,8.104102,4
2.446807,0.3435383,0
1.0638831,9.248525,4
1.3822637,5.589438,4
11.899358,6.734993,3
12.870588,7.9265966,1
3.94144,7.851349,3
9.743878,7.4880295,1
0.48935124,5.916686,2
-1.6781294,7.4838824,2
-1.0513206,9.421962,4
6.9462943,5.8605175,0
5.908984,4.723619,3
6.0786495,2.953345,3
11.308523,7.63497,1
0.68872577,5.302698,4
2.8568199,0.77501625,0
2.9596245,7.9112587,4
6.3515735,4.4474025,3
-1.6804643,9.199224,4
1.9746523,-0.53211945,0
5.6070085,5.3483663,3
4.5986824,7.3847876,3
6.400815,4.519787,3
3.1990511,8.142079,4
1.974712,0.14445151,0
0.06953247,6.5250177,2
-1.7474365,8.768492,2
11.308208,7.6982446,1
0.6169869,5.509139,2
0.080272,10.239589,2
4.192778,4.239472,3
9.854767,6.9248185,1
2.1902878,-0.061137132,0
1.8511156,6.589299,4
3.5957556,4.1053977,3
-1.5290513,9.887333,2
12.467686,6.7941594,1
3.9003475,7.5167236,4
3.0870318,0.015682964,0
3.67439,3.7571838,3
2.6338139,4.0420403,0
12.944774,7.7312307,1
1.7601856,8.040519,4
2.4476979,2.030798,0
6.700882,3.8896704,3
3.0364711,0.6953873,0
11.821166,8.174518,1
-1.4546505,6.4186797,0
4.436284,7.4003916,4
11.069153,7.1252995,1
5.9296346,4.2546763,0
2.9313166,-0.29095584,0
6.049863,3.8105195,3
2.5261557,0.21853445,0
-2.0757596,8.161851,2
4.0405107,4.303118,0
3.4423063,3.8611302,2
3.8959715,6.0318155,4
0.37955543,8.96671,2
3.610215,7.997209,3
10.452343,7.616108,1
2.3622675,0.012342701,0
3.449021,5.739622,0
11.382615,8.000865,1
3.094364,7.599069,4
3.5823638,7.8360133,3
7.050553,5.2598805,0
9.959221,7.5748916,1
-0.70829266,6.8230834,2
2.8176,3.0239565,0
9.772481,7.2111573,1
2.6343915,2.8501723,0
2.8649697,3.6044729,0
1.9351696,4.92433,4
13.15133,7.807102,1
1.3836904,8.92755,4
3.243472,3.825288,3
0.45619535,8.552673,4
2.1671143,-0.78840667,0
0.96526253,7.1879225,4
13.169282,7.6142526,1
-2.090943,7.2101564,2
9.228496,7.517964,1
4.6417336,7.074663,3
6.434176,5.4966564,3
3.5795145,7.770542,4
4.5607505,5.755694,3
6.0006695,5.15015,3
2.6899068,-0.03505973,0
2.7839975,2.2100258,0
5.131806,6.021736,3
0.4628269,5.804855,2
6.597799,5.691888,0
4.400948,4.1433077,3
0.58067936,5.659192,2
6.4827275,3.4674423,3
0.44258955,9.7584305,4
2.8095033,2.211588,3
12.052089,6.621498,1
5.830419,5.291231,3
3.076134,8.023219,4
6.825795,5.2382674,3
4.0222135,6.624901,4
3.1474679,5.903767,3
1.907738,0.75182694,0
2.647492,-0.706326,0
5.9172378,4.4864254,3
4.0908084,6.9044766,3
3.2846994,0.36787766,0
11.226662,7.825303,1
11.248888,6.5428123,1
1.2775254,5.733559,2
4.3899746,5.9295006,4
-0.9853203,8.366621,4
11.312544,8.010499,1
11.684698,7.171984,1
11.944161,7.015348,1
3.3635497,-0.241652,0
3.067406,7.54775,2
4.3914375,4.500675,1
12.9102545,5.4422307,1
1.402873,9.498906,4
2.882091,3.9512317,3
2.117488,0.75075823,0
-1.833389,8.804632,2
2.6038258,1.0492872,0
3.0759478,-0.23517287,0
6.1229806,4.446579,3
-1.0958033,8.610839,4
2.5913718,2.4923494,0
10.046917,7.3597713,1
3.1844244,7.072163,2
1.7562834,-0.44539198,0
11.727902,6.5746446,1
11.967585,7.7585907,1
0.6354982,6.092071,4
-0.09642061,6.068437,2
4.490135,5.6791863,4
10.759891,6.854399,1
-0.7987475,9.394275,4
6.49139,5.5588255,0
-1.9439741,7.5168815,4
2.791341,-0.4854192,0
-1.4260817,6.3813252,0
12.475097,5.9295125,1
13.77602,7.7020617,1
0.76703525,5.2380257,2
12.718254,5.4006557,1
-1.4827342,7.511047,4
-0.7797048,9.53231,4
-1.5756894,9.85545,2
13.967691,6.769872,1
-0.9888513,8.567628,2
1.0710694,8.72769,4
6.0190086,5.3064713,3
2.919423,2.3550386,0
2.234864,-0.58866036,0
6.264488,4.5228295,3
10.619962,7.6762085,1
2.5465353,1.8245357,0
0.26937914,8.759628,4
3.5619063,8.149006,3
4.5440335,6.112159,4
12.346078,6.435922,1
10.798537,7.593841,1
5.151692,6.945227,3
1.1785277,5.368706,4
0.8549578,8.618651,4
13.406055,6.645558,1
13.044587,6.506273,1
1.8732185,4.920127,4
-1.1226438,9.438447,4
12.826291,5.3409505,1
2.5345216,2.4732087,0
11.283151,7.2166853,1
3.2302969,5.772355,0
-0.80483675,9.278422,4
1.52902,6.687043,4
-1.2906883,7.9287925,4
3.4547563,-0.10117363,0
0.6721643,9.797654,2
12.498479,7.0261745,1
2.3259826,4.2487903,2
1.9059775,4.7855673,2
2.378821,0.86395645,0
12.086329,7.3400087,1
4.830372,3.7254007,3
-1.384041,7.577567,2
4.7559366,3.8046923,3
6.0914726,3.3004196,3
0.65098894,8.44906,4
-0.89826494,6.3127894,3
3.044867,1.0368805,0
11.245354,7.3056607,1
1.4049002,5.0164227,4
1.0490227,6.730576,4
0.65889704,10.46443,4
12.751905,5.480518,1
11.096701,6.9707184,1
-0.90244406,9.499567,4
-0.006790928,8.7028265,2
11.266215,7.8814244,1
-1.311351,8.555568,4
5.167768,3.8428774,3
2.8572946,2.983879,0
-1.6275043,7.6135373,2
1.2698117,8.81187,4
0.28779367,9.012237,2
2.550221,3.1813216,0
3.6920998,7.7321377,4
3.072625,6.0689125,3
0.91332245,6.979518,4
12.6382,7.0175266,1
3.3302162,5.8057733,3
6.4479117,5.5413947,0
4.3070216,5.558907,4
6.5131807,5.0289254,3
13.7362175,6.1987095,1
-0.30639255,6.478556,2
3.2336457,3.59819,0
2.5748568,1.9464285,0
0.33187565,8.854402,2
2.8414288,3.9130301,3
2.3769174,1.5716615,0
4.8306313,7.2567806,3
3.5382805,-0.06440918,0
-1.9103951,7.192642,2
10.0553,6.9763455,1
10.839348,6.8969693,1
5.312834,4.861599,3
2.5764883,5.75727,3
4.3604574,5.5750127,4
9.218412,7.52539,1
-1.8448988,8.125051,2
6.981955,5.83388,0
6.6962433,3.8839068,3
13.617374,8.022238,1
11.8395815,6.8466187,1
5.7869287,5.3550167,3
3.9781625,5.7373333,3
11.609978,6.681261,1
2.7998393,3.473017,0
1.9751416,0.18777497,0
13.770922,7.75307,1
11.778933,6.802224,1
12.957468,7.8249526,1
13.280631,6.517374,1
2.6851854,-0.50869673,0
12.766823,5.4802227,1
1.8132932,-0.39105514,0
2.3630934,-0.50668716,0
6.919666,5.850402,0
1.0136021,6.673653,2
-0.91024727,8.3939,2
4.8209186,7.1304984,3
1.7529197,6.34235,2
0.068554305,5.676744,2
0.054690916,5.6942625,2
11.475039,6.7583313,1
1.3817079,9.412525,4
5.701907,3.1609602,3
3.7616467,5.619659,3
11.233578,7.8950214,1
0.5709495,6.868869,4
1.923724,8.563729,1
2.546431,1.3778074,0
0.45510656,6.5271745,2
1.5735602,8.099242,2
0.68209654,7.537038,4
-1.37969,9.636365,2
0.78609616,7.7943935,4
2.0961132,-0.70976484,0
-0.56676036,6.8010902,4
0.49235812,5.9620843,2
-0.9744014,9.165407,4
3.288078,0.3226701,0
-1.5929459,7.636324,2
0.4277735,5.674742,2
2.9436395,0.97811866,0
1.7568246,8.202939,2
1.1449178,5.9131136,2
2.4290533,1.0955632,0
3.2356308,5.944771,3
-0.7006316,6.333762,2
-0.025525048,8.609435,4
-0.093452215,10.554347,2
4.3190393,6.7870584,3
12.544156,6.5842876,1
1.6225274,7.047347,2
0.04267144,8.661596,2
13.852963,7.058371,1
4.8418593,7.3622108,3
0.91261595,9.883966,4
2.0933208,-0.45211244,0
-0.07120067,7.001945,2
13.076057,7.4645696,1
6.6584845,5.309625,3
6.597518,5.06068,0
3.5188057,8.042852,4
0.95985377,8.102665,4
13.533308,7.194826,1
6.519916,3.4686017,3
3.1935492,0.4767212,0
13.944598,6.8920755,1
2.619365,4.0750027,4
4.8947654,7.1233697,3
1.39038,0.37550917,0
3.2428534,-0.2019839,0
12.517607,6.1524324,1
0.72589356,8.123785,4
9.867764,7.5224085,1
0.32826835,6.1879005,4
2.1571417,0.08152891,0
12.056908,7.6987596,1
0.6241722,5.5985794,2
4.1973405,7.685219,3
5.757299,5.282025,3
0.18208247,10.12089,2
-1.1824311,9.725641,4
3.559947,0.0039584856,0
6.463551,5.6432686,0
2.1889317,-0.5608385,0
-2.0828252,7.9341717,4
4.596121,5.8251586,3
-1.0266371,8.689466,4
0.8406895,9.687212,4
4.8269224,7.235859,3
3.4732032,-0.03557363,0
13.482084,5.7614846,1
4.8611493,5.446371,3
2.3517566,0.8782776,0
0.9042963,9.601446,4
0.3773376,8.29311,4
2.774048,3.9837682,0
0.74892354,5.2227774,2
2.6532655,5.6304345,4
4.435267,4.511587,3
5.7206707,3.3409982,3
0.6342169,6.837315,2
-0.15455557,10.650993,2
4.336467,7.53767,3
12.668625,5.4479833,1
13.465517,6.615976,1
3.5300221,-0.070142016,0
2.5134091,8.255892,4
12.863229,5.393133,1
0.9275772,9.177468,2
4.4181857,6.351387,3
1.9626766,-0.26294836,0
0.014513632,9.949978,2
12.764837,6.5510945,1
11.698862,7.092255,1
11.768586,7.9410625,1
13.245646,6.6913853,1
1.2541702,6.053348,2
-0.71229404,8.740585,3
12.337121,6.1896996,1
-0.7500177,9.153071,4
1.3644836,5.519431,0
2.9756062,7.9911685,4
3.132353,7.6289206,0
-1.2862946,8.842287,4
11.287261,7.7140713,1
0.3989969,8.811021,2
13.833686,6.6227746,1
2.3068645,4.0126863,0
0.44347268,5.7231665,2
4.165296,5.392498,3
0.02901594,10.384748,2
6.834398,5.7746625,0
0.73251265,9.275023,4
-2.0768123,7.3940377,2
3.0472302,0.44035003,0
4.9777303,4.1829796,3
11.256406,7.7282557,1
11.278228,6.7919145,1
12.749513,8.19124,1
3.9504158,5.004398,0
-1.0643986,7.5940766,2
5.004369,5.3744426,3
1.4499638,6.1304126,2
1.8440893,-0.19431664,0
4.5121846,7.252551,3
2.7757888,3.4114225,0
3.004179,-0.20008412,0
12.08174,8.543252,1
5.138482,6.966723,3
-1.8747479,8.899438,2
3.0213628,3.7396567,0
12.562483,7.529197,1
4.956307,3.7678127,3
-1.2688771,7.659484,2
1.0036645,9.235299,4
13.453133,7.1399136,1
-0.572591,10.517256,4
1.3685006,-0.00055719935,0
0.10223744,10.131854,2
6.8063803,5.450126,0
0.012888125,9.931616,2
2.3193636,0.63084894,0
3.0574026,0.9566891,0
11.812267,6.7735534,1
2.9569046,0.7191887,0
3.6595259,4.198329,3
2.1061113,-0.19943585,0
-2.0182903,8.315599,4
13.306509,7.070483,1
0.73113054,8.475739,0
5.0948067,3.6932416,3
2.7244177,3.3204997,0
9.81288,7.4112167,1
2.9788294,0.06991981,0
-0.6501317,10.495191,4
1.0043092,8.650759,0
6.9047713,5.830571,0
1.8601228,5.3550406,2
-1.4504324,7.7343216,4
12.418568,6.3743253,1
-0.7191573,7.6317058,4
4.970701,6.640429,4
0.22075287,8.208404,4
2.9621727,7.402643,4
4.7585797,4.3794975,0
-1.3681414,7.553264,2
2.5520117,3.0086248,0
-1.6077062,8.89242,4
0.54673564,8.693828,2
3.3154664,-0.2830251,0
4.004661,7.386212,4
2.6545808,5.5999503,0
6.06205,3.3781152,3
3.9376042,6.555601,0
13.594803,7.977571,1
0.27148646,10.333776,2
0.60093284,7.4674625,1
1.9564526,0.16723171,0
3.4088514,7.3419375,4
-1.577601,6.9786663,0
0.14723009,10.222901,2
0.14316374,9.296102,2
2.5688832,6.747793,2
1.6427011,6.896745,4
12.494309,6.9006715,1
2.6855965,2.8120246,0
0.6027741,8.090134,4
0.9179472,6.855036,4
2.4320722,3.2624333,0
0.07539497,10.346759,2
2.4375618,-0.71053165,0
11.869431,8.184252,1
-1.5171185,8.839153,2
12.217923,6.0857553,1
3.0190263,3.8589032,0
1.8942952,-0.3589063,0
5.163002,6.9640207,3
2.746264,-0.33059797,0
12.735152,5.7752056,1
2.578518,3.162785,0
3.8880305,3.467042,3
-1.1743938,8.587602,4
2.1783533,-0.10070012,0
2.213541,-0.63623196,0
3.5184822,3.9192615,3
13.4412,7.374464,1
0.59742004,8.974645,4
1.8184054,-0.2216069,0
0.7755244,6.398926,4
0.9349124,5.2133493,4
2.3510506,0.64494175,0
4.691153,5.429108,3
1.8362298,-0.23910908,0
5.2340508,4.4050193,1
5.3625402,3.0090666,3
3.8267877,5.746444,3
-0.123480596,6.9587626,2
3.3797245,3.962156,0
4.1918035,7.5374336,4
11.073979,6.854308,1
-1.7712275,6.6495976,2
11.253706,7.1736827,1
3.3472977,0.20303787,0
1.8560848,7.3915534,1
6.8170033,4.6389384,3
9.768323,7.01995,1
-0.40222722,7.2299943,2
-0.9205062,9.746718,4
13.966938,7.0503674,1
-0.7384139,8.020713,4
6.69009,4.605377,3
6.6375203,3.792969,3
-0.018004406,7.217642,2
-0.0068268366,6.2946296,2
1.0108175,9.510077,2
5.5721545,2.8937352,1
12.083231,6.7847185,1
-1.2794701,8.766964,4
1.2311807,9.468526,4
10.350028,7.601089,1
11.736192,8.137892,1
0.6186342,5.6298027,4
0.044519868,5.6824417,2
0.8376318,8.582149,4
2.276988,1.0903809,0
4.6971116,7.428361,3
0.8047363,8.389799,4
5.116049,5.2743096,3
6.50381,3.8259046,3
-0.1268051,6.814118,4
6.397576,3.5404534,3
9.417549,7.5889196,1
13.855226,7.4795527,1
12.812785,8.129591,1
2.2160408,7.481989,0
0.41786093,9.320255,2
3.076627,5.870952,3
1.932215,0.80785096,0
13.767658,6.1220613,1
-0.9827992,6.9486427,2
5.87177,3.2986758,3
-1.3684423,8.48859,4
0.7560447,8.6013155,4
0.88243866,6.555914,4
0.34780633,5.33161,2
0.71199054,6.4362564,2
2.7505934,2.4990551,0
0.5448331,6.0590954,2
1.9686615,0.79411584,0
1.6589088,5.137242,4
9.552189,7.566778,1
4.343925,7.5620117,3
2.8013132,8.291007,4
0.2780058,10.002089,2
-0.007837335,5.7133756,2
-1.9639462,7.0103283,2
1.9065772,-0.23174988,0
-1.1447335,7.571749,2
11.262906,7.7038465,1
3.091068,2.5554285,0
-1.0332843,9.478829,4
1.0575024,5.5670886,2
1.7674216,1.1573386,0
12.359523,6.310398,1
-1.4333234,6.437712,0
13.813859,6.3601975,1
1.990653,0.32866573,0
0.48306274,8.628562,0
-1.5766581,7.681181,2
12.026834,7.851825,1
0.73387015,7.490354,2
0.65960526,10.2729,4
0.07975465,9.496725,2
-1.8584446,8.099568,4
2.7552643,2.8226721,0
12.011893,6.5973916,1
3.7641306,7.718643,4
11.568063,6.628504,1
10.605325,7.241651,1
2.448268,3.1024144,3
-0.34035563,8.462507,2
13.767975,6.289214,1
2.4431663,-0.04924855,0
1.0019437,7.2888117,2
12.808967,8.082875,1
11.201302,6.8660674,1
1.6190572,1.1573218,0
3.910115,7.849126,3
6.190979,3.3689897,3
12.684839,5.471025,1
5.814666,5.596701,3
12.251009,8.264602,1
3.817773,5.257831,3
3.6069393,5.615312,3
1.2470409,9.577635,4
0.17874528,7.244223,2
2.5469856,1.1710966,0
4.006768,5.760734,3
3.4758165,8.282897,0
2.9526556,2.6576977,0
12.939577,5.795485,1
2.3173435,4.287901,4
-1.3407245,9.389928,2
2.6469603,0.2811844,0
13.854572,7.674575,1
-0.28974137,6.4690223,2
3.9270668,6.9624248,2
11.444715,7.341682,1
4.8642144,3.971978,3
-1.3079339,9.555254,2
2.499243,-0.775887,0
11.992698,8.503621,1
11.345807,7.514142,1
5.8410807,3.2077508,3
5.0048003,4.205492,3
5.4347754,3.1827114,3
11.096158,6.9571567,1
3.999499,5.7396436,3
2.224144,0.06980456,0
6.3136606,4.5741253,3
11.661935,7.1977115,1
-0.6558138,10.490451,4
1.5594516,-0.32947722,0
4.9187913,7.0382094,3
12.585245,5.6997533,1
9.874864,7.570343,1
-0.003405206,6.084503,2
6.4620953,3.7571585,3
12.094139,8.232433,1
12.080585,8.206197,1
7.020785,5.3251214,3
2.7366803,-0.287331,0
1.2550498,5.378027,2
-0.3736568,8.421856,2
0.43622783,8.72107,2
5.1061645,3.4028616,3
5.2271137,5.9083147,3
5.7396984,4.3505783,1
-0.29316276,7.391017,2
1.6367725,5.8892674,2
4.0602946,7.763659,3
13.307898,6.7914743,1
6.126568,3.170153,3
-1.2281183,7.212644,2
5.6180096,3.6026635,3
4.803641,7.329648,3
-1.7506002,7.863808,2
2.1522229,0.6550473,0
-1.6088203,8.349725,4
3.980125,4.5080795,0
13.162203,7.207478,1
2.5470273,1.862106,0
6.6013,3.8926506,3
4.373238,7.4983816,3
-1.4849627,8.362346,2
4.0374646,7.5520334,4
10.102741,6.959579,1
4.5588584,3.983188,3
3.6270978,8.12291,3
1.193593,8.06266,4
12.668212,7.993788,1
-1.5701605,8.606393,2
1.2413002,9.36515,4
3.6926951,6.829499,4
4.9576063,5.9834976,4
12.587993,7.150051,1
1.555029,7.130103,4
10.153667,7.414081,1
6.2279387,3.7331986,3
13.381381,6.929736,1
-0.9804436,7.369585,1
1.1512095,5.241885,2
4.91284,4.890179,3
3.6216724,3.7268271,3
13.39162,7.948062,1
12.71409,5.6840563,1
3.0753884,3.8466907,3
11.457195,8.067709,1
6.2207875,3.448821,3
-1.0673937,9.562906,4
11.237976,7.698513,1
-1.2954978,7.4844313,2
4.996424,3.160123,3
0.046016734,5.96932,2
12.883494,7.572512,1
10.990535,7.4792023,1
-1.2769966,9.398298,4
0.29411831,10.658238,4
6.2256074,4.752298,3
12.332379,7.727106,1
2.9426975,0.81773347,0
6.0208325,4.7347136,3
-1.0642163,9.882418,4
0.48865813,8.7495365,2
13.299456,7.402238,1
-0.8271752,7.21936,2
4.365099,4.3781714,0
-1.7133853,9.03589,4
13.039817,7.985524,1
0.82862055,9.840455,4
2.9943535,3.7801418,0
12.262627,6.361683,1
3.1944103,-0.17051779,0
12.944928,5.619459,1
-0.57841676,9.451063,2
-1.8600466,9.568905,2
6.530413,3.717055,3
6.596584,4.1395507,3
-1.278342,8.538689,2
0.86053234,5.4991865,4
0.12894891,8.677198,2
11.078579,8.406187,1
0.90758795,10.01568,4
13.08909,7.5838857,1
4.852349,6.931147,4
2.3186567,0.994745,0
0.066780075,5.7122703,2
-0.97300935,6.6511917,2
3.3211575,0.5948166,0
2.4174147,0.30856526,3
13.62209,8.047712,1
0.6126955,5.639967,2
3.804774,7.282984,3
4.6924624,5.6737075,4
3.0923417,3.5950153,0
-0.919117,8.303625,4
4.410086,7.0489755,4
4.9656253,6.118163,3
6.5141983,4.2021966,3
2.6330922,3.6097453,3
5.760444,3.5564554,3
0.7197379,5.4904757,4
2.4521267,-0.32670557,0
1.6818668,8.171092,2
3.173984,5.477451,2
6.6292152,4.928495,3
2.3926768,0.2296229,0
-0.41017273,6.102603,2
3.5121384,5.9622865,3
3.7074094,7.860062,4
6.6009226,3.7750523,1
11.256752,7.2542725,1
2.5477648,3.2612092,2
11.876792,6.808998,1
6.269541,4.218267,3
4.9595823,3.9259665,1
4.3701143,6.9798775,4
3.4633372,3.61654,4
-1.0849142,7.9981303,4
3.06508,1.0358548,0
-1.987199,8.573724,4
2.668425,1.4672245,0
0.47140926,9.674774,4
12.103894,8.321899,1
0.16130798,10.6704855,2
2.7008362,-0.38684583,0
3.0573852,7.592442,4
12.223367,7.514198,1
2.5344431,4.0726357,2
2.529082,3.0471117,0
13.446285,5.75589,1
-1.2275479,8.7456455,4
12.769819,7.14274,1
6.8977613,4.590226,3
11.268305,7.324959,1
0.28323504,9.30194,4
2.728498,-0.059100352,0
5.1153517,6.841267,3
1.8884791,5.9921484,4
13.663994,7.6275535,1
11.349118,7.4212685,1
0.32872024,9.284061,2
-0.4771563,10.580724,4
12.732716,5.3992057,1
3.0410883,2.622204,3
3.2052982,7.775088,4
6.283107,4.699568,3
13.83361,7.5617924,1
12.929421,5.567836,1
-1.5645261,9.677903,2
1.5866001,5.605905,0
10.510432,7.4981694,1
5.845392,5.4758825,3
1.6581396,5.166131,2
6.2307153,5.587658,3
5.0496316,4.0649896,3
4.717724,7.3939233,3
9.915064,7.4463096,1
13.080058,7.518347,1
2.6518304,5.7609854,0
11.634912,7.937655,1
0.51537293,9.406699,2
0.57980084,6.045687,2
-1.0088938,7.3597198,2
13.045974,7.8547797,1
6.135705,4.78479,3
-2.2148774,7.6795726,2
3.2686243,8.205578,4
5.8424067,3.3586352,3
0.9452837,9.567749,2
2.6512508,3.9679441,0
4.6525183,5.722184,3
4.4004664,7.5054417,3
0.16934603,5.6939964,2
2.4734032,-0.60333556,0
5.991639,4.5758414,3
13.939456,7.1534414,1
6.1112394,4.5668116,3
0.47751966,6.1987934,2
2.629735,2.0056713,0
1.50062,0.041132323,0
3.6220388,5.9174004,3
1.0097867,8.113927,4
10.0777445,7.5522075,1
0.120005526,5.759458,2
2.3719416,-0.64813244,0
-1.1496449,8.053281,4
4.567565,7.2928133,3
2.9912503,5.9327784,4
-1.3526845,6.089647,2
-1.0015898,8.520142,4
-0.3648981,7.533821,4
0.35838413,5.7971516,2
1.7289345,8.380276,4
-1.0297154,9.48012,4
3.4838502,8.0272875,4
12.679517,5.5993147,1
-2.0311272,7.0665674,2
0.49501058,10.009187,4
12.706791,6.041884,1
3.4774284,0.31922734,0
13.27939,7.0552616,1
2.6403584,3.1177065,1
-1.4401405,6.2299027,2
1.5974028,7.1620092,4
3.4908352,3.7475061,3
2.1286895,4.3976207,4
-1.7075368,7.4105806,2
9.861072,7.4504576,1
5.825859,5.3636594,3
0.74203753,9.725248,4
1.3928533,0.44989368,0
12.7007885,5.4713774,1
-1.083217,7.274707,1
-1.423679,9.651045,2
11.246306,6.9153438,1
9.44781,7.333643,1
6.8109756,4.614746,3
0.23997441,6.3467298,2
13.002096,7.848066,1
12.500987,7.5821147,1
0.74209654,8.603777,4
13.180091,6.544742,1
-1.0743916,6.9238877,2
1.3173693,9.231771,2
12.354075,7.626129,1
4.8409367,6.8852744,4
1.1348637,7.131806,2
-0.64160454,10.4625435,4
-0.92637956,9.716581,2
13.416244,5.7646337,1
2.6736255,-0.51753294,0
4.124632,5.791115,3
13.29604,7.192487,1
1.4914461,-0.35966706,0
-1.8149232,8.404398,2
11.863023,6.892002,1
11.416097,8.075902,1
5.4544964,2.9543178,3
4.833938,5.454229,3
5.1885037,6.922143,3
1.7499288,8.148665,2
0.6499937,8.372596,4
-1.9789072,7.9840436,4
-1.4895937,8.892914,4
12.446677,6.8847747,1
-0.41900158,6.566376,2
3.1234486,8.001061,4
-1.246089,7.403573,2
2.2706704,0.770469,0
0.85263425,8.383223,4
2.4233124,0.5776248,0
5.0504217,3.5048573,3
-1.3684771,9.550841,2
3.53535,3.7645624,3
1.0907483,8.09831,2
6.2476764,5.9274044,3
0.8185322,9.263714,4
6.8727736,4.912084,3
3.7819452,6.0643315,3
2.526098,1.2911751,0
3.9338427,6.300264,4
0.6115077,9.78989,4
0.6125076,5.577943,4
-0.53118783,6.769902,2
1.4515713,-0.28358275,2
3.910091,5.3324614,3
3.8735538,7.7286596,4
2.5541596,2.759309,0
0.66731733,9.239469,4
6.072357,5.242337,3
0.16123709,10.331957,2
-1.2193512,6.29774,2
4.480635,4.736132,3
-1.491586,7.7288322,4
1.4316978,-0.2586647,0
-0.014411905,6.154332,2
5.265849,4.404417,3
12.139552,7.6010313,1
-1.770155,6.676412,3
12.594008,7.8653526,1
-0.5786532,10.547988,4
0.43254557,8.872555,2
2.274062,-0.010248716,0
-0.29936892,6.04943,2
1.7843815,5.0984507,4
1.5068649,7.4582767,4
2.2969322,-0.70293856,0
2.8601139,2.5430543,0
3.7369637,8.017237,3
1.6761767,-0.34483725,0
4.9152703,6.104466,3
3.1521747,0.8290637,0
1.7972935,7.2072806,2
6.427688,5.637739,0
0.11069339,10.285784,2
-0.6529649,6.9145684,2
4.9098425,3.9627056,3
1.3240451,9.00985,2
5.7378674,2.8814569,3
3.8261366,5.2991176,3
5.9998446,5.0225296,3
3.383628,-0.19430386,0
-1.6160159,8.614114,2
-1.141101,7.1650662,0
3.2379458,7.7058187,4
1.2577553,8.913682,2
1.0418215,5.7938924,4
11.172061,8.362063,1
10.983625,7.033974,1
1.7842231,8.147439,4
3.069325,3.8421862,2
4.407409,7.037226,3
-0.82844806,7.1013346,2
12.661889,8.133563,1
3.2880442,3.4289439,0
2.7341492,-0.014834664,0
13.087187,7.613056,1
-1.599725,8.779677,4
13.7606945,7.715537,1
2.7904634,7.5671706,2
-1.9233145,6.8559704,0
3.5228293,0.019914594,0
-1.66924,8.442475,4
5.7981615,5.70666,3
6.3195724,4.1668277,3
5.9988604,5.4236455,3
12.086165,8.192417,1
1.1609814,7.2434874,2
1.4415646,5.5609527,4
12.053262,8.342345,1
1.906993,0.71066654,0
0.7805387,8.253451,4
2.4603858,1.4788312,0
-1.2001786,8.428439,4
4.603839,3.8933296,3
2.8572443,4.057016,2
0.8861718,8.18688,4
-1.161553,8.678469,4
4.443961,4.899381,3
-0.8689859,7.139356,2
-1.3171747,8.6350565,4
12.216981,6.578859,1
6.6281,3.8719137,3
2.9013152,2.7896402,0
12.119402,8.299169,1
-1.2346753,8.464057,4
-1.8104403,8.16247,2
5.494055,2.9089913,1
4.1789494,6.5206785,3
12.092269,8.181505,1
2.2801821,0.071407095,0
9.274977,7.547971,1
12.167957,8.318239,1
3.631968,3.6921031,3
1.5627304,5.434886,2
2.14814,0.053834356,0
-1.3034961,8.413703,4
3.5128107,-0.08508052,0
12.901321,7.938249,1
4.317968,6.9222026,3
10.318648,7.4371805,1
5.5132575,4.8925056,3
-1.3698555,7.246059,4
10.99787,7.763674,1
2.3615687,0.90486157,0
0.5767823,10.540448,4
1.6754647,8.368071,2
4.0464706,7.8355303,3
5.0569415,7.0441666,3
13.530914,8.001723,1
0.7259127,9.454071,4
0.6842915,5.457803,2
0.46561188,5.8052983,2
1.8361747,0.9152318,0
2.6563373,2.1083996,0
0.6070976,10.53744,4
2.8805792,8.195235,4
6.6465683,4.18809,3
11.470407,6.6026783,1
1.776084,4.8861675,2
4.4591756,4.4007063,3
3.9173884,7.3717766,0
-0.9474634,6.9559402,4
13.58294,7.653732,1
-1.6963154,7.6203394,2
3.9288812,7.241487,4
2.7114599,3.3216724,0
2.5042093,1.2501448,0
3.0990908,0.9081647,2
13.642929,7.475987,1
5.9452157,2.9990067,3
-1.39256,7.717817,2
3.1160567,0.9127071,3
-0.023891991,9.265776,4
0.4864035,10.313542,2
3.818178,3.7457318,0
-1.1485195,7.657702,2
1.4957415,8.506528,4
1.3462715,7.910477,4
2.164181,0.30953377,0
5.9845567,3.141165,3
0.3107755,6.042811,2
12.211866,6.7827196,1
0.31331697,9.28713,4
12.915454,5.47248,1
-2.100722,7.507054,4
13.013538,7.8422594,1
-1.4459941,7.67911,2
-0.35960114,6.0384426,2
0.19273737,8.15731,4
1.4057873,-0.19524394,0
3.0559084,0.888012,0
4.083549,7.6705093,4
3.8424888,5.021272,3
9.655269,7.141549,1
4.942102,6.550015,3
4.3548217,7.2047324,3
3.961062,3.4277732,3
4.034539,7.6502247,3
-0.4307781,8.241064,2
2.4986587,2.4589462,0
2.9856448,0.40366176,0
0.68067074,5.3284564,2
0.95034844,6.9419947,4
2.9936752,3.9023573,0
-1.4038423,9.11871,4
3.299221,0.22935258,3
6.211992,4.880652,3
2.192838,7.2897434,3
-1.5741023,9.742719,2
2.953703,7.9021926,4
0.33679873,9.546802,4
3.0955696,7.4784546,4
13.411132,5.753238,1
0.3004792,6.2217026,2
2.6945372,2.0799954,0
6.7086954,5.5817637,0
0.15079625,5.860651,2
10.83021,7.1187596,1
5.22068,3.2008045,3
-2.100139,8.105948,2
4.2133646,5.659925,3
1.9994644,0.5428002,0
5.3342123,4.3658867,3
0.6020005,5.958389,2
12.691625,5.6669602,1
-1.0801085,7.787642,4
13.525455,8.004794,1
2.6968305,0.34713286,0
3.224508,7.682328,4
1.3914945,-0.2251593,0
0.5720118,5.6921163,2
13.338206,6.567019,1
11.204285,6.6797667,1
3.884219,7.11647,4
-0.95553523,9.2052555,4
9.301987,7.5551825,1
3.4188786,5.3917804,3
2.4478025,5.7179923,4
-1.8003229,8.943809,2
-2.2498167,7.904751,2
9.648073,7.5635223,1
-0.0010115433,6.5128355,2
0.016371371,7.237177,2
-0.94199616,7.0002303,2
0.47150788,8.204113,4
-0.8483073,7.0829134,2
1.3332058,0.10726481,0
0.64838785,9.608106,4
1.3130053,8.962762,4
5.474485,3.3593018,3
3.889342,3.4687219,3
2.7576394,-0.12055052,0
2.9397936,3.9363847,0
6.0192757,4.4340425,3
0.15300143,7.856387,4
5.054447,6.9808655,3
0.71233815,8.211552,4
2.7729146,-0.5223847,0
10.557806,7.7010517,1
2.9287508,5.8290744,3
6.9687138,5.413714,3
2.911746,7.4551744,4
1.6568301,-0.04944241,0
10.814907,6.813702,1
0.25443482,10.15397,2
3.0941246,0.91641504,0
0.32133213,6.428112,2
2.4420676,2.5327654,0
6.453368,4.593855,3
5.649659,5.9775925,3
-2.0113633,8.07738,4
-0.24548137,6.971934,4
-0.31591156,10.578944,2
1.477122,8.744544,4
-1.9085722,7.3314414,2
4.014347,6.461953,4
12.279316,6.7415085,1
4.8417377,6.9427924,3
13.120837,8.20464,1
1.1234698,4.9744525,4
11.036688,6.8786287,1
-0.68765754,8.971686,2
11.304473,7.524671,1
1.2618263,5.6682916,2
13.766986,7.2663183,1
2.2513149,1.1205121,0
2.4071338,1.3540661,0
2.152533,0.013980855,0
4.0470595,7.639582,4
-1.9758748,7.2987585,2
1.6264336,4.8730507,4
12.393657,6.1957684,1
12.227626,6.0938883,1
0.70167786,5.5681276,4
-0.5070953,10.59304,4
-1.579369,9.700115,2
13.136666,5.7396483,1
4.3429084,7.151397,3
-0.87279534,9.462957,4
3.4717355,0.10049102,0
-2.1216824,8.289572,2
0.950767,8.220837,4
10.351958,7.460157,1
3.617769,3.9581223,3
0.08703427,8.573978,4
5.791993,5.2728114,3
0.36064604,6.5027514,2
-0.02568269,10.09135,2
12.281898,6.247667,1
1.005049,9.033265,4
0.7320195,8.937622,2
5.207546,4.444446,3
5.3289895,3.8404086,3
5.04007,4.1157503,1
-1.4017735,8.819445,2
11.967245,8.236124,1
-1.9606105,6.872079,2
3.1591744,7.257319,4
1.9013255,0.85861146,0
0.34353116,8.142437,4
0.54953307,10.130745,4
13.86076,7.3836474,1
-0.997651,8.544585,4
11.995696,8.110947,1
3.8793573,4.0618,3
2.273657,-0.5063064,0
2.6308064,2.8520646,3
3.877983,6.9313865,4
1.13077,5.6407514,2
11.119355,8.407253,1
12.957128,7.5037885,1
-0.5311198,6.894532,2
3.1035037,0.8646416,0
1.7844082,8.110198,2
0.5284773,10.089016,2
13.167538,7.079295,1
2.621875,2.579945,0
-0.5880835,10.503686,4
1.8096391,-0.22491221,3
-1.0621974,8.649178,4
5.6042495,5.96517,3
13.873716,7.7543945,1
4.553505,4.1588297,0
0.08035021,5.8479457,3
1.4926208,5.721785,4
-0.20516801,10.681701,2
-1.4124576,7.584421,2
13.818389,7.3106203,1
6.032964,4.9908485,3
9.951694,7.357449,1
0.3749093,8.018172,4
1.4708769,9.30189,4
0.3711672,5.8508883,2
1.3606384,8.06207,4
0.30721706,10.43655,2
10.88889,6.9369507,1
12.894502,5.480887,1
2.4843047,3.0428364,0
2.4871583,3.4640954,2
2.9111164,3.94143,3
3.0043404,2.2624123,0
6.6854997,4.0288243,3
-0.11724126,10.690088,4
-1.8878005,9.572733,2
3.4468338,3.903734,0
0.6969501,7.813427,4
3.5538054,4.0877867,3
4.8377013,4.126153,0
3.605211,7.6378317,3
2.9225516,0.74272865,0
13.792155,7.756107,1
-0.87434494,9.726535,2
4.8511157,6.0470915,4
2.9005377,7.6045103,4
-0.4159746,5.9541135,0
13.193011,8.19181,1
11.929136,6.856064,1
4.0036616,6.4135094,4
-1.3181187,8.511517,4
2.9996595,2.6774592,0
6.7501135,5.6027637,0
5.0269594,6.6045384,3
-1.7152551,9.67675,2
5.505643,2.903005,3
-0.16972144,10.650671,4
6.5320616,4.7018905,3
2.851627,6.521731,0
0.990773,8.009847,4
-1.3644887,9.334229,2
5.1104445,6.880347,4
2.7037892,3.9886937,0
12.0595045,8.485711,1
-0.9724066,9.834802,4
0.31644255,5.7887883,2
5.272419,6.0472493,3
5.1473145,6.939352,3
0.15526338,6.0177317,4
12.715583,7.905437,1
10.903969,8.282628,1
5.667728,3.0574026,3
0.66764736,5.8523374,2
2.1728785,-0.6502026,0
1.1428523,5.3417406,2
4.1519504,5.726978,3
12.717681,7.784054,1
10.335399,7.597878,1
6.126637,6.0237913,2
13.370327,7.042794,1
3.120609,7.9883804,4
2.0727289,0.7572435,0
5.5345483,3.199745,3
0.05827654,6.0590124,2
-0.14741558,8.606555,4
13.227522,7.2087073,1
-0.44281736,10.524449,4
2.2672055,-0.34000918,0
11.624501,6.61525,1
2.014538,0.8532081,0
-0.23847899,6.5699477,2
2.649919,2.630466,0
1.128849,7.188613,2
-2.0182493,7.5463176,2
5.2845464,3.8906221,3
13.710575,7.7816157,1
5.76931,5.4926667,3
11.502407,8.174188,1
0.7621189,7.760695,2
11.396895,8.032267,1
13.266573,7.698422,1
3.4828918,5.7244554,3
2.9462903,-0.31170067,0
2.516794,0.8212871,0
5.2323318,3.8045452,3
-0.107079476,8.68178,2
0.18233709,6.9144206,2
0.6796462,10.497843,4
1.8685557,5.7749047,4
5.350944,3.261881,3
12.009406,8.335046,1
0.66988504,6.372572,2
4.829508,6.3641677,4
-1.2032235,9.596195,4
2.9332197,0.82511044,0
0.10309705,6.266277,4
6.742296,4.381654,3
3.2149658,8.253193,4
13.197312,7.573133,1
12.32806,5.793789,1
12.449935,7.192114,1
2.4166641,0.25596628,0
2.2000809,-0.7139795,0
12.734902,7.929984,1
1.8838701,-0.13247591,0
-1.3709365,7.8054442,4
2.950341,-0.5216792,0
-0.8945527,9.655039,4
6.5723395,3.7673593,0
-1.4046186,8.755119,4
5.5278244,2.9309158,3
12.955242,5.5641794,1
6.591515,3.831965,3
2.8042715,8.284522,4
5.230402,5.8285785,3
3.4695628,3.911,3
2.7280354,1.1206172,0
-2.0767646,7.561448,2
3.9766655,6.668098,4
2.1238759,-0.5478536,0
12.999103,5.696194,1
-1.3982699,6.6122932,2
1.5381929,0.0886482,0
5.1556487,7.005022,3
6.344214,5.748571,0
4.692395,6.907852,3
-0.984059,6.7796464,2
11.56018,8.063744,1
1.5111718,5.4346094,4
1.611101,7.0043464,2
1.4230963,0.34092647,0
12.284217,7.62564,1
2.2595003,0.932144,0
2.9232528,3.8698912,0
-0.21321486,8.040467,4
2.3524678,0.69486797,0
-1.9425427,8.971445,2
10.4720125,7.3046217,1
3.0291224,3.8992574,4
2.9976847,5.1554413,3
-2.1570256,8.233817,0
2.5156856,1.5150031,0
10.818145,7.482435,1
12.918861,7.747785,1
2.802337,0.6692337,0
12.202296,6.963602,1
4.457143,4.0064306,3
0.731504,8.724325,2
2.7696586,-0.16825145,0
-2.1909647,8.28767,2
2.5785794,3.4744992,0
12.026516,7.0878553,1
0.12169801,5.9864817,1
1.6354053,5.0478964,2
0.93212855,8.525764,2
12.703054,7.8665366,1
0.058432344,7.5131674,4
0.9076201,7.076094,4
5.4360523,3.8712137,3
6.079976,5.199232,3
3.062242,7.555932,2
0.10031388,9.919199,2
0.05655015,10.337488,2
3.02169,2.3450842,0
0.55374646,7.1241245,2
13.9671955,6.8904443,1
10.3381,7.6027284,1
0.30622423,10.587808,2
13.9805975,6.694266,1
13.94158,6.7625966,1
4.719709,7.0458083,3
13.013737,6.481844,1
12.827009,7.261281,1
1.7301154,8.366123,4
5.419626,2.9385736,3
2.1012838,-0.707832,0
-1.7185446,8.83241,2
5.1085515,3.3627768,3
13.830591,6.3808646,1
1.8999811,0.69992316,0
-0.21083234,6.7872667,0
7.0643544,5.435036,3
0.56778115,6.7968907,2
1.8197923,8.210156,3
-0.7509834,10.407753,2
3.0052812,0.84389913,0
-1.535614,8.046391,2
4.3451996,6.50955,3
-1.0019535,9.764916,4
3.6234965,4.189358,3
13.602473,8.090354,1
12.217628,7.034893,1
-1.6626307,9.822992,2
12.152532,6.0218534,1
0.91800916,9.571366,2
12.0819,8.526749,1
4.0072756,6.849097,4
1.6937982,4.9286647,4
1.3356255,6.3751664,3
0.5683857,5.7262573,2
11.027992,6.8618345,1
4.024948,3.7673156,2
3.3146286,-0.2923062,0
3.5537136,3.8343666,3
0.97609395,7.0864577,2
-0.4154192,6.028972,0
1.0885999,5.089747,2
0.14715914,10.130011,2
-1.7430428,8.022365,2
11.243364,7.1282687,1
13.282202,7.75345,1
3.3013666,-0.25875166,0
1.6416776,5.3040013,2
2.4053695,0.7670589,0
-0.5751555,7.331369,2
4.500161,7.550959,3
14.021604,6.7806544,1
6.7110734,3.9748712,3
6.5905867,3.953668,3
3.8916364,3.8075864,3
-1.4912128,6.487109,0
2.5555646,5.7210793,4
6.14025,2.9349272,3
13.568711,7.482682,1
13.020991,8.00434,1
12.987748,7.2704015,1
0.027688539,8.0178795,2
3.809737,7.6807804,4
2.1718361,1.1668532,0
6.7359977,5.6924467,0
11.923243,8.200664,1
0.36899105,8.921531,2
3.1070645,0.38159055,3
4.804401,4.1094885,3
-1.5391982,6.4976797,2
5.1489973,4.87587,2
12.850565,5.9784555,1
3.043964,8.064602,4
6.1576576,5.2120357,3
1.594527,7.0031233,4
-0.8568446,6.376708,2
-0.9770285,8.422149,4
2.0525136,6.429609,4
-0.64634216,6.538816,2
-0.3223058,8.014429,2
11.2967825,6.793565,1
-1.3845786,7.6163387,4
-0.5621904,10.539498,4
1.9773202,6.4518647,2
-1.3371998,9.665714,2
13.219029,6.530837,1
4.699619,7.15643,3
6.097571,3.6459448,3
1.9563081,-0.30445838,0
2.226211,-0.8305616,0
6.113555,4.436256,3
2.285258,0.24609938,0
13.349753,5.726941,3
2.6741955,3.2258399,0
1.5815123,9.281576,4
0.8551744,10.024354,2
-0.7610908,7.2733407,2
6.3498273,3.571934,3
-0.67142344,9.079095,4
-0.45838484,6.023264,2
6.881233,4.632005,3
3.31388,7.291289,0
12.338059,6.6821294,1
5.359547,6.154725,3
0.1568888,6.5756536,2
1.0699123,6.653489,4
9.720177,7.232089,1
-1.0244114,8.492547,4
2.3969684,0.29492468,0
12.832811,5.651497,1
5.2868567,3.436295,3
4.4581075,7.1810555,3
4.6757207,4.451312,0
1.8112649,5.6211333,3
6.7026753,4.690099,3
-1.3448533,8.494764,4
1.6474658,5.2117457,2
2.4318361,1.3717979,2
3.6489282,3.8341758,3
3.2715096,-0.2734588,0
2.9112794,0.32836086,0
6.877428,5.4997697,3
5.6021695,3.343205,3
5.7759323,5.2335815,3
1.5672791,6.049442,2
4.4123006,7.198993,3
5.557518,2.891355,3
6.3257294,5.263678,3
3.1574206,8.249728,4
4.348903,7.175483,4
-1.7562504,6.9118814,2
2.8943474,-0.42639336,0
-1.2520283,9.300699,4
0.7239254,10.462531,4
0.71662235,6.031428,2
5.209417,6.22143,4
2.72933,2.0825953,3
0.53597176,8.581173,4
3.8556066,3.6681263,3
-0.7476344,9.323769,4
10.413361,7.1291327,1
12.577402,6.035421,1
0.5033407,8.408211,4
5.6118875,5.4903092,3
3.9986222,6.270368,3
3.0734594,7.824172,4
12.725515,8.162282,1
-2.0703046,8.657283,2
2.640555,-0.3860622,0
1.8155137,8.15428,4
-1.8233694,7.5401907,2
1.4556843,5.3039546,4
0.73251706,6.1693206,2
11.129647,8.438962,1
2.3486383,1.2268355,0
13.524975,7.9650707,1
2.8231878,3.8665316,0
2.185961,-0.8259286,0
4.46776,3.4608872,3
2.945045,1.0581113,0
13.013699,7.365604,1
4.9298615,7.1544795,3
0.8438214,9.78848,4
-1.0845433,8.737174,4
3.0828004,-0.3178038,0
13.160839,8.133831,1
6.4868574,3.7594728,3
0.3718232,9.214106,2
6.560817,4.8005366,3
1.0760328,7.358321,4
6.579353,4.688056,3
-0.6296741,6.873886,2
12.600114,5.530572,1
4.986828,4.1732383,0
0.22172031,8.109251,4
-1.4522213,7.8380365,2
0.46806166,10.3460865,2
5.925058,4.839245,3
-1.4508445,9.323642,4
6.0674047,3.2935593,3
2.2342024,8.072574,3
3.794651,3.5343413,1
13.411662,8.155219,1
6.656337,4.4103074,3
4.74664,5.7695594,3
5.5900016,3.77205,3
12.101116,8.516035,1
-1.653529,7.6652083,4
13.660234,7.966446,1
0.5276363,9.134834,2
6.728885,5.7684407,0
3.8437932,7.922006,4
0.86273235,8.618164,4
13.118645,7.5011225,1
4.239023,7.34472,3
4.994985,6.1946597,3
6.7455277,4.7467713,3
12.63529,5.558797,1
2.705933,3.5875487,0
2.7413929,3.8882015,0
1.5473627,-0.40007836,0
2.4630203,3.0143886,0
12.664843,5.421416,1
-2.0547438,7.2947283,2
-1.8588641,6.7046638,0
12.169432,6.0338516,1
4.0261965,7.0819664,3
1.7014064,7.189439,4
2.1105013,-0.5893695,0
12.217783,8.296308,1
2.3372111,0.2562122,0
5.520436,2.9850116,3
-1.9340547,7.1045113,2
6.3804317,4.20146,3
10.983932,6.8258977,1
0.08908445,9.358646,2
3.5952897,-0.013940989,0
13.371609,5.823675,1
6.9043756,5.7644744,0
11.710278,8.101514,1
-1.0133622,6.960519,2
2.366938,4.114372,2
6.8806324,5.4662504,3
12.793688,6.0501413,1
-1.5259734,8.833523,2
1.0474353,5.4618726,2
0.78356487,8.30423,4
13.424323,5.755437,3
6.595498,5.781476,0
5.037898,3.7091377,3
12.477508,5.8201427,1
13.5729265,7.2361646,1
10.978256,6.914689,1
12.820234,5.4249783,1
5.8047,2.920395,1
12.220236,8.461591,1
0.18648767,9.6714735,2
5.611541,5.3581314,3
0.20770432,8.675516,4
5.117109,7.0018654,3
1.023307,9.375337,2
3.302355,-0.25162682,0
2.2578404,4.4785104,2
0.15498081,9.886915,2
12.858238,6.033594,1
-1.0390853,7.9084044,4
1.571535,5.397915,4
-1.0381546,6.7695208,2
-0.3142927,7.225274,4
3.9475818,6.5672574,4
2.5765977,-0.3644414,0
2.5699582,0.633959,0
-0.50440824,8.707946,4
13.776872,6.5479283,1
0.80413115,6.2137165,2
12.896189,7.781285,1
-0.26225305,7.9558754,2
1.9488916,5.249512,3
4.0904856,7.2613444,3
-0.63587415,9.154233,4
1.5924563,5.366858,2
3.4403503,-0.20195766,0
4.957634,3.6149192,3
1.5896182,5.181772,2
2.824152,6.2394958,0
1.6503297,6.3689933,4
4.933312,4.438355,0
4.50362,7.3141165,3
12.463537,8.157391,1
-0.8671775,7.3610244,2
4.2796664,7.662997,2
4.7427735,7.273397,3
-0.1528579,5.9460454,0
6.5179386,4.6785398,3
0.33907577,8.535622,4
11.521847,7.692475,1
0.5836266,6.1234374,4
-0.5130671,6.0626416,2
13.247984,7.5199924,1
0.2459132,5.864107,2
1.2266588,5.8793836,2
2.697583,2.7051792,0
4.7899394,6.6801176,4
0.8567828,9.352717,4
0.624994,10.013746,2
3.3738897,7.558961,4
3.4456568,7.48533,4
2.640341,2.5277526,0
-1.6121618,9.116619,4
0.51681775,6.3989716,4
2.6941795,2.3326013,0
6.3727183,4.9419193,3
12.193027,6.7866273,1
12.178477,7.8225746,1
3.5068312,3.984959,4
1.1375719,5.203016,2
3.1863773,3.8806546,3
-1.6720796,7.8192935,2
0.51447016,9.245234,4
9.618973,7.566835,1
11.905672,8.029905,1
12.091541,8.095325,1
-1.927078,7.424699,2
0.65184766,10.450202,4
9.764879,7.0324683,1
3.4407852,-0.036821887,0
6.6935925,4.6902475,3
1.9401369,-0.37199733,0
2.1338477,-0.23546132,0
2.2963738,0.5601029,0
1.5473163,7.2438946,2
2.932203,8.012869,4
4.016128,7.155235,4
-1.356058,9.583932,2
0.70639175,7.932036,2
-1.5611819,8.948441,2
6.790571,4.2805285,3
2.357145,1.5581853,0
-1.5114071,7.7365947,4
2.6396856,1.1676735,0
2.1914651,-0.72689396,0
1.6713829,6.954014,4
6.374694,5.5444884,3
2.7038796,2.2960749,0
3.009325,3.7329507,0
2.6307037,3.508964,0
3.1087391,-0.3695684,0
2.7417192,2.7587729,3
2.1068416,-0.16000684,0
6.834467,4.6220956,3
2.202712,-0.67578244,0
13.878072,6.7310977,1
0.8082646,5.188337,2
0.746007,8.868622,2
2.6567922,2.0556235,0
5.4894824,3.0135226,3
2.6381874,3.3491852,0
10.9832115,6.893888,1
5.0216517,3.6028578,3
-0.75824004,9.502602,4
9.726789,7.544489,1
1.6041609,6.9596148,2
-0.07869448,6.5842314,2
13.043265,7.5908017,1
-1.4980589,8.780651,2
2.6776834,0.07310372,3
6.772319,4.2610555,3
-1.7838347,7.7170005,4
9.403163,7.411821,1
-1.2136185,8.718996,2
0.07165265,5.893852,2
0.8507037,9.153302,2
-2.0682607,8.815488,2
6.7750916,4.0940967,3
12.153627,6.8613358,1
6.7181077,4.453079,3
3.2282608,7.670488,4
6.4452567,4.515362,1
1.9450289,-0.18142928,0
-0.27208954,6.4459724,2
-0.7189544,9.236732,4
2.753186,7.506137,3
11.966878,6.8389444,1
2.1947951,-0.8286118,0
5.865773,4.291654,3
13.671744,7.603554,1
11.277478,6.6246877,1
13.703201,6.8978777,1
13.368073,7.697316,1
2.8005722,3.6525671,0
1.5944157,5.2776027,2
1.6297481,5.255583,2
0.002800279,7.6398396,4
2.5398955,1.2764239,0
13.584366,8.052041,1
11.791404,6.760406,1
6.7653546,5.437259,0
1.3180634,4.965524,4
2.9886038,-0.3197685,0
10.719397,7.6055837,1
4.954121,5.4216104,3
0.12296069,9.223082,2
-1.8853574,8.004145,2
6.6395583,3.8348522,3
12.822423,5.9609294,1
12.773936,8.081773,1
3.7461882,6.653835,4
3.967282,3.4308774,3
-1.1675231,7.1181045,2
1.2904437,0.17676988,0
2.2796953,-0.18793164,0
5.9497747,4.7440033,3
1.98509,0.46666107,0
2.245387,0.06348515,0
9.815507,7.4913564,1
0.54193693,8.180259,4
1.1955463,8.280939,4
3.1477637,5.708553,3
3.897722,7.164873,4
5.66601,5.382357,3
6.405053,3.3668842,3
